1,2,3,4,5
8.506041557897493,5.104181881077978,-13.527911032521956,8.018576012580052,5.307721889917856
10.751112219139078,4.251715999222766,-13.349188312414622,7.2144631877437435,4.829779058528592
9.371791526687964,2.3256766949714702,-14.233082461810215,9.544675335925028,3.9165972324484333
5.781639689575026,1.2464506543721328,-14.591551445443383,11.176585324274612,2.100213605590376
3.719783439995762,-0.3361500610288637,-15.934444293825964,11.336712462782607,0.9766616229048797
2.321862035938369,-1.3630188229333609,-17.612203304635848,12.736783714168233,1.0815099998740454
4.998696881415995,-0.8262444193951506,-19.623312867083786,14.309021791303135,2.0771201710949594
6.79947975816452,-0.23455743519960492,-21.23162344863909,15.267370356703509,3.0662258879706217
5.686391653575334,1.0287893861908302,-22.439823030626215,18.874928375341806,2.5106026756662905
2.5888769246247847,0.8796411123794527,-24.430420602091637,19.83502991434886,1.789530790181955
-0.06638042191449589,-0.8934569428184389,-26.59825310937856,19.519256270636625,-0.4664850792221751
-2.2267171094828107,-2.282089266768523,-29.25522175763075,18.342090413194853,-2.26030622516322
0.46394843299639943,-3.411991910294823,-31.871316736337924,14.31463767736427,-2.9629652555524553
2.8674385374837064,-5.787753189946656,-33.59822696107579,9.012514187061711,-3.1551610408204627
4.424128111891808,-8.424462782239107,-35.84942796697887,4.7603692939804985,-4.071238146868322
7.248267409223581,-9.134885217189076,-36.55187761654508,-1.0487707370749684,-4.088015825424691
9.52808584776734,-10.00307041497329,-37.04247588992473,-6.189126473968126,-3.430616460337034
12.13170402665935,-10.811200017274555,-37.007536356412494,-10.338938735173969,-4.978054850822918
15.035896779138948,-11.788920909618309,-35.21153228446708,-11.554510957427734,-8.292567452436082
18.9095339260567,-12.39190138558003,-34.66282114795619,-11.270053896890937,-10.781076660038407
19.393160976273627,-12.376543428466437,-34.98059170117237,-10.965897149365787,-12.87560649419059
20.474173421909576,-11.618184420931197,-35.52424442597215,-10.899804064157244,-15.515751271920843
21.431330662360804,-10.337801106037904,-36.643492192612314,-11.706206376237866,-17.978007726095868
22.381956807357188,-8.387383762593554,-36.82560259693496,-13.398363168977497,-20.772012933107042
22.410819708733268,-6.298335990918133,-36.8492374680814,-14.752904119911118,-22.54100236015244
25.403050788427112,-4.488501698687893,-35.98254624700395,-17.469047185218734,-23.66389471441834
24.513445037525678,-3.7108244017896954,-35.499185358427226,-22.55015640329281,-24.41323728314636
25.403065093396513,-6.633844638569283,-35.02483767435448,-27.560749898815033,-26.05127800942885
25.526538248566887,-10.094949323608809,-34.934289691119595,-30.42951445035484,-29.377086481009812
28.16555921599999,-13.499473051171744,-35.27331847769391,-33.67078000906827,-31.99607359154176
33.24850349502796,-16.894332402764835,-35.4377913283699,-41.3494705335143,-33.440917748192724
39.467149668214105,-21.363630755287076,-35.08475598454401,-47.29057150594482,-35.448031083771546
46.00172163750313,-24.245516378439046,-35.32966361614762,-51.18088091086834,-37.027668368130264
55.419474977578936,-28.023119021078724,-36.29474030426999,-54.63071485309445,-38.97382538488645
62.17548769097704,-30.818552169854133,-37.62691999895626,-57.548908129840726,-41.31996791071259
65.44135178298468,-32.89328027263579,-38.807888877818634,-58.84881460533946,-43.37425851040338
66.12828765192371,-33.957263576967264,-40.687388813149674,-57.32181133925779,-42.97834155845536
68.01205586387917,-33.627945822458244,-42.504958693035405,-56.21294578839062,-41.34075628416406
67.36298686635536,-30.95932926940395,-43.01937981635045,-55.83404346626141,-40.974636477414364
68.10553493595258,-26.97046723563663,-44.10360722852559,-52.24826834779222,-40.49328645832091
68.6540360739905,-22.599069274023176,-45.33355620381061,-47.38040665510164,-39.733326605103386
66.81482828722838,-17.645387164689634,-44.973466640187006,-45.65624494367485,-38.76862178556335
62.834899004184585,-13.65959519999231,-44.766893668770194,-47.68842350286304,-37.79868927220208
57.89164440124069,-10.756776360352706,-45.40711438898185,-45.91259746340067,-37.17245178945068
51.108749013069776,-9.211579838218423,-45.8556621624781,-46.71066783440223,-38.77772839087027
46.49230372207289,-7.96173986162578,-46.113984826047265,-46.929427643753876,-41.40903286678723
45.19847671457881,-5.794412272297681,-45.67821955702429,-47.96346816991591,-43.25671404008559
46.63145437802554,-3.939366198385928,-46.33759739884876,-48.595857162630956,-44.05880363089006
46.981827759497776,-2.6479258538856385,-47.103540763344036,-46.97081894104729,-44.09560742674174
47.45819034787998,-2.4300791363946654,-47.55099664677578,-48.79748860858592,-43.710542336288924
47.979599821558594,-0.7703676907494206,-47.90693398626659,-51.40888393198524,-45.19888570088791
49.679534280211556,0.9253208985110248,-48.69197841187216,-50.8058905732984,-46.96757827866958
52.12590667054708,2.721359304411015,-49.24906374690652,-47.86544608750314,-47.03547245465948
54.26930306711876,3.9463023168490734,-48.724954801164614,-41.47414364092134,-49.19576147681123
52.242544773397505,5.237373838842053,-48.03615060851744,-37.442058422505156,-50.91494645293043
49.42917853328009,4.33634722042899,-47.41716235190108,-35.82636770137337,-49.657587364825496
47.57712466863317,3.2622003137013493,-46.67806055808248,-35.251900206218814,-48.02684796651473
45.006572010010174,1.8902740315233704,-46.243684487742115,-34.448796261136295,-46.582956134102496
42.287279245628106,2.1362980663868196,-46.47422182980524,-34.78802202568161,-44.58038349171743
37.72583841695681,3.563479221688942,-46.554087848519835,-36.28009609199123,-42.933121786163156
33.16363765538085,4.511569038185786,-45.46851595194487,-38.39427562425934,-40.80521741362219
30.758894857706878,4.307300311646111,-43.91505182605319,-39.83809175561699,-41.18296006866767
33.3915547208423,2.917726762578443,-42.85432572876776,-40.26957271737622,-42.488018689650474
34.490969637737805,2.2443940964222575,-41.305611052115786,-41.42910074328144,-41.40936038290255
34.62921918927989,1.2098788756843,-39.2986027531352,-42.31416093839669,-38.089273199328986
32.86028304702193,2.0904705043464133,-36.81430618762818,-39.58520690857842,-33.809851023325365
30.88818122377281,2.125539965343199,-36.17314762633368,-39.05858574191584,-29.35283873147108
29.023299243019384,1.1009635530841404,-35.97284692036275,-37.412771798963945,-26.67597683212307
29.192814486027167,-0.9151961308662617,-34.47110458860696,-35.268777026668936,-25.102553516120217
31.668962021029387,-4.219388291235674,-31.76559601399567,-34.42507982122034,-22.912418065303434
34.27873187763728,-6.5829287279463635,-29.53740070853593,-34.32617542027466,-20.67190867833967
35.979130786981,-8.982117892274104,-28.417068366272403,-36.24299316264301,-18.146791952752345
39.38847706563554,-9.679164189728873,-28.355107792475284,-38.43445964609786,-14.786744725930255
42.806877923837405,-9.759909994802452,-28.52780879924884,-43.74996284509087,-11.807406474952963
48.22442091469616,-11.84385309543286,-28.721659559054398,-48.607213756741174,-9.791678234435505
49.74567104716354,-14.84302993989073,-28.56416278064647,-52.17914216271374,-8.477120386626055
53.29857070303208,-17.2826304543819,-28.502623836945435,-52.13549935905891,-7.045559911104764
55.62547375592937,-17.686438932130287,-28.9798656463234,-51.957487069317416,-5.335256018096038
54.80488691288875,-18.145536038353953,-29.635466201360355,-53.38256258322846,-4.314929841855342
53.516533213451346,-18.999743814685782,-30.29937152000045,-55.99605663623786,-5.391557735519931
50.34745217334548,-21.377098351198686,-31.175586508875632,-60.46373435089623,-6.144571733471705
48.552501363398136,-22.23354164433155,-32.93897152455606,-61.98469313194338,-6.634015483805605
46.733696107384986,-24.86546983421719,-34.63292357248154,-62.11889897086248,-7.498097961006
45.74667335653157,-27.197944509555274,-36.27324020269186,-61.00515458784214,-8.415298230213006
43.33937317346954,-28.818717098006562,-37.79674280914622,-57.703469104904364,-9.389464036970647
40.661107657172415,-29.668992415019414,-39.68375238180645,-55.87713237324643,-12.214224290883124
38.8444908687214,-29.53051388774153,-40.804520187231915,-55.50309679468545,-13.857937244535622
37.26602665248208,-28.137283605407863,-41.19311536724153,-54.807813076523544,-13.933393336964187
39.117788678073076,-26.82355203410793,-43.12501316883287,-53.806560219606034,-13.189860488249838
42.461997458825174,-27.78508644071508,-44.302474293912965,-54.76638990483698,-10.790544128238794
45.533731019481884,-27.359011519123154,-44.84780897431759,-56.349279817420374,-9.545513910453751
44.225840984595486,-27.254765635298906,-44.8985808012323,-58.59063815835433,-8.57020052101166
42.96600041746564,-26.445196088517076,-44.40919736122105,-59.92353854522402,-6.873049317373689
44.68353257696339,-25.93712701844913,-43.40914953182229,-64.32841360220019,-5.382377385067843
45.27113846422344,-24.902760371459667,-43.4122563290164,-66.51764383639818,-3.9800402963045602
44.90173677413739,-24.01475508670781,-42.577736289931806,-69.33040504957576,-3.303312966340624
38.70075078415728,-23.89880028419562,-42.16947472777637,-72.96913028722022,-2.2446757430373454
30.21255810887351,-23.046134671298464,-42.27092021796353,-76.67185929368337,-1.820288112354627
19.537064753903834,-24.8980117197107,-41.84641598512211,-79.89092601395059,-1.7891737439151
11.060562452639601,-27.427695182590984,-42.599290050458066,-83.00457784347877,0.38140492010701266
4.89781411592133,-29.34598108849787,-42.468108858192906,-85.09862852668267,3.94731375600724
0.2932720000580451,-30.355890878068482,-42.52395604344122,-87.12879545095083,6.822518621716678
-3.832655421267594,-31.637463232681572,-43.07277333450557,-84.93328310273188,8.022223041551532
-5.010356712852641,-34.86407525742378,-41.799856901823155,-82.67493077718431,8.109260988951004
-7.620335914854745,-37.46345718206857,-41.522141307595454,-80.69980950985652,9.710582700816401
-10.302430646799074,-40.52203365830141,-42.976558231033025,-82.798716099297,11.545700801201116
-11.074039522742027,-42.44561997880383,-44.11301076341942,-85.451860851545,13.672511650642353
-11.615082174774088,-43.26525629733622,-45.56665766719132,-88.8635229242583,14.878269461869634
-12.272346688106978,-43.82092740976266,-47.49893419482711,-88.06400053234441,15.112760930647829
-14.374057509218247,-42.648482493102776,-49.204722025138835,-86.06209075547451,15.500274675740767
-16.967178900404324,-40.139914027477005,-50.222631871307264,-83.02574272021691,16.92050898660502
-17.59232142155686,-39.18555074812191,-51.04174252636349,-78.07649950260152,20.4540469031906
-21.504471167544082,-40.855508423129734,-51.26218250815006,-70.148589380165,22.818374310572345
-25.71423977416842,-41.1889754016203,-52.29210986589492,-67.07333766507317,23.27218529267332
-29.877630455599245,-38.58562830641628,-52.32169486806791,-65.25448587489444,22.227087751343014
-33.26499129661067,-36.88229923657859,-53.355788549062474,-62.9310901905897,22.472327656267332
-32.26149472704263,-35.680705893794794,-54.377599772764086,-59.019188441902834,24.090580389360973
-31.394704933862144,-35.84609329232343,-53.79154955613702,-56.495458960301356,24.14143769825734
-28.177382190144932,-37.05825968987004,-53.38205537195304,-55.61146043044076,23.738549432387437
-22.945390483981015,-35.021990774242695,-52.50292200464404,-55.06872805036448,23.38884872372985
-18.589631877406823,-32.247218212389924,-52.442546923469884,-53.41875783413691,23.927733639985007
-15.355554103004053,-30.137732753679938,-53.619384043994195,-50.510017955970014,23.748711390073325
-12.692296606369958,-28.53277394960436,-56.072194311769316,-51.42290116164433,21.76812984782552
-12.312634771675459,-28.754489157209985,-58.56338850566803,-53.9949019692863,18.78951734095685
-11.316337183031532,-28.95628866618048,-59.242846135976954,-55.89774341093802,18.47303907252038
-11.436827830031415,-27.01963262761183,-59.1322490367073,-57.90230689317073,19.74647993165646
-11.806358941591032,-23.516793842479746,-58.479780554177985,-57.08516673318874,21.26759003095861
-16.273958944359205,-21.165048702430912,-55.706912798399685,-54.729517884300215,22.590926328360943
-22.332897369505385,-20.66721887035255,-52.951346509416474,-53.688755434476285,23.206936851756367
-26.042337900747885,-19.912685152964,-51.174740251893745,-54.022719345466236,23.68472867271891
-30.49362497808652,-19.15709663299281,-49.82377663202475,-53.04597333988428,24.536792560908907
-33.615446475274744,-18.769851429854036,-48.11756286787836,-49.2970058192124,25.85370442194621
-36.584711436462214,-19.378207203540985,-46.69336158038691,-45.801058287781686,27.424585784777634
-37.04918555492132,-19.198715695862695,-45.45556540640126,-44.90193128270323,27.68664971155861
-34.37929746600056,-18.77513437404151,-44.71968658647697,-43.33581861448386,27.37478455199352
-31.441390524431675,-18.530806800408723,-44.32829097068619,-45.40557963177197,28.14501356229622
-29.310855885914165,-18.371091639591636,-43.00955027849713,-49.344712084790295,28.28960644705961
-27.750189505163696,-17.843546181851057,-42.108430077032956,-50.54283309051684,28.651922979739446
-26.67566234368464,-18.453153997702838,-41.35594398526329,-52.195988420849105,29.569162626387637
-23.640668844108482,-20.370763784430824,-40.87785484218315,-52.21968972916655,30.853637259048845
-16.00306029359546,-24.82649656859522,-40.43271201270374,-49.23266283362432,33.39720682472609
-11.777711212855994,-28.44793400985463,-40.72300326142322,-42.97961583191122,35.57807821980989
-11.570995892944339,-28.851905584144827,-40.978208750302926,-36.49276498123669,37.069506536363654
-9.394890967687086,-27.433180734773966,-41.13296674174936,-29.043480290344004,37.93039710798506
-9.284051358193555,-26.15956565186332,-40.5766843756784,-21.120942761709305,38.721228717135176
-12.50911346945173,-26.525584489742,-40.197974342247875,-17.312049148120387,38.84029826882204
-11.485086125849417,-27.579832651601034,-39.245978034805816,-13.146811958623864,38.98057125659317
-10.074233049858371,-29.165142528416137,-37.326600994061586,-10.053721761167907,38.97119204527272
-9.726915766033581,-30.14730071093258,-35.38910250115935,-9.038671591196834,39.38837971221062
-10.60837676664535,-31.04926746696012,-33.84599656684027,-11.571473148091084,39.273791684335855
-10.399708793176504,-31.338304959736366,-32.54339746735077,-16.167613730308553,39.47223368275728
-12.100161801733002,-31.887140296831976,-30.956906149740774,-19.700381753721324,39.78118546056113
-10.527607981842433,-33.90872388649767,-29.73467580261286,-18.966674135516733,39.07671093487283
-6.95111914237191,-33.97213034322054,-28.022734768707927,-14.72003430938301,38.54961581018259
-4.112221593023319,-34.95959071496837,-25.769028343759473,-10.180074978706166,37.31232363867498
-3.2175490021138975,-37.46720582369977,-23.858700683254625,-7.692560317132087,37.77739438896198
-2.701554908692643,-40.46761410100417,-22.78318624738135,-2.8904474548686583,37.903877439836066
-0.2670457122188954,-43.45526690675382,-21.171369542039386,1.1046808605123362,40.62919297549564
7.081720314602047,-44.92631398431644,-20.43271020542916,1.902314454293136,43.0955463280429
16.644266701657756,-45.32498866851526,-20.53844829074678,4.914982636100896,47.45733017166446
26.160770455827056,-46.017530561331384,-21.562223553518958,6.580345906848108,51.15488988374363
33.490509027588956,-46.14992261303357,-22.904889213849813,8.23222155613496,54.24140143687959
41.02009073391498,-43.72152383540525,-23.145940581756726,8.328070405118506,56.555954662675425
46.33575348062937,-40.917472203317175,-22.684391237201833,7.9084931357604775,58.414216702603056
50.49578490588331,-38.60583439897803,-22.10054124987873,8.825314342146584,57.62002816820703
55.8544202529406,-36.15975489923858,-21.30126200916772,8.012865936769874,55.99291187363291
61.450607690610035,-35.190835452886446,-19.69568037920549,7.1064128224511185,53.63385858857068
64.43829954122727,-31.801022475656122,-18.59438844210242,8.761217572646878,51.697954174976154
63.193377963841776,-26.89796004197029,-17.570403555974448,15.173901799300609,50.04284137635923
62.40218156302141,-23.590785926230307,-16.379173071967468,22.894280662262233,47.24320721700766
62.39743897831648,-20.859182585320855,-15.566159361384772,31.666121244371688,45.04837659035767
64.26314174111677,-21.02132073097255,-15.61286872341585,38.10729592983978,44.08854933598419
66.21800094047893,-21.460648474236983,-16.853464288646165,41.77053492720253,44.00656571139951
66.88874694898274,-21.660772722404893,-19.0242608146544,47.580845986611116,43.849559919406296
69.16892658700715,-21.389022329541856,-21.204765994375276,55.521975253992856,45.34774309570342
73.2930197457328,-21.77572640214817,-22.337607811131306,63.120382522227274,47.038039540370974
72.69311892581545,-21.089706032652032,-22.657311808169176,66.56419382343077,46.84906312367289
68.12852596794653,-21.273350041131653,-21.570432157224424,67.88311698074592,46.05789343960255
64.30560410113075,-20.42132936978549,-20.675866800541463,69.04069979892077,44.94166000387434
61.578927229221,-19.885716554809793,-19.483042020914795,69.25583499521696,45.24598889727058
59.27241101251803,-21.63879601760302,-19.13578298591158,70.35989536490865,46.18970535441974
59.1367585599947,-24.001603422500718,-18.447505948352248,71.17881084023507,46.27734851554464
63.399881678037566,-23.898592228431514,-17.707569036310492,71.71980097736952,46.11184934570676
65.56202324124338,-25.00982051704653,-16.313404667201706,71.74444002076659,46.19110049950607
66.3494854301028,-27.47416252602032,-15.038233201976057,71.26799084746582,44.942140655425646
66.81280904850503,-29.203669523489328,-15.887901556737148,71.3634522459788,44.37219549631736
67.51787893623688,-31.38747197941768,-16.37525937018027,71.53837897734242,43.28836308989336
65.77323310387607,-33.72911013537451,-15.953925016313505,67.8031597423506,42.61317435057639
64.74523910042575,-36.385868840527934,-16.69878149228816,65.88268022790938,42.032301733350074
64.36642308130938,-37.825792732515325,-18.293939590919727,61.81219526128838,41.14631690779527
68.0495243774271,-38.90870862765372,-19.158390235379517,56.82177607404585,40.0354772794642
72.54698812970065,-38.464626893139894,-19.22767431155914,52.82306529461229,39.92799444501811
74.56829855044172,-39.52782847645737,-17.914768615567688,48.20604877591212,39.09688176613092
72.69480905426308,-39.2653380861214,-15.686916754394863,44.23823453795529,36.862407836112304
70.32962979987313,-37.795615326746,-13.844641609014307,43.121891962169705,34.546736548576966
67.17353107867638,-36.33372705392543,-13.709622153011717,44.897118510508406,32.400206177255136
63.715078346727985,-34.84410648063023,-14.108537313979495,43.887459390049365,28.949898233770597
61.715106764028285,-34.224120636154964,-14.502825471906297,42.646692678446584,25.715143759583263
60.96751313896699,-34.999999146385605,-14.764553134882854,42.81191257770863,22.451204182162208
60.9534621792774,-34.02186262208903,-13.833285522416089,39.50659431909175,19.913830899394064
63.737263543944145,-32.939982734730904,-13.521259306720568,35.49982424420281,19.084263024096188
67.27615546457677,-33.50948186065068,-12.835546413868055,32.87250701581103,17.804227794373915
75.21546223090667,-33.84077014358667,-10.629174896637533,29.71767818763714,16.940891606081607
82.6516266249152,-33.71100640354284,-9.09234301493971,27.21898358023899,17.607921756729212
87.1664533399154,-32.69982531029578,-8.582495900479731,25.940616496891195,18.17089531479302
87.20820971083877,-32.267406542829605,-7.729357780115418,26.081961024290123,16.899362353822248
83.84081295001153,-33.11674091089597,-6.093883517421963,25.800321309247018,15.73781458455993
82.47075392531518,-35.2178742674929,-4.873175822242738,22.78907172307106,16.531235647700534
83.28557987496558,-38.230745765099215,-3.976078665727477,20.506075361184628,18.688819841685643
84.05815889495851,-39.986531897353174,-4.247569326189008,18.597611459529233,22.320014670066783
84.1149647319568,-40.52165764479916,-4.167227347672597,16.558440030152138,25.03308496069372
82.31548756518262,-39.853212115779,-4.376877719114646,17.398301034641253,25.660438756699953
80.2225405917918,-38.644913328295786,-4.6091740351909065,17.6312813047697,26.00406448665923
78.89919554475294,-38.24802592991527,-4.953561616413969,19.404936087612867,26.667728389797865
74.15800136027315,-35.647090120882424,-4.634754693399943,20.30329682911653,27.441794246404456
71.07007700906259,-33.28598859729401,-4.574298936366309,20.748665225510248,27.92336926864627
65.42294554576478,-33.59559859661876,-5.3056149337581235,18.312588805048094,27.611722747234694
60.947612905760856,-33.50485243511159,-6.051871069780525,16.89916485715308,27.956783879854285
57.92350119621434,-33.60280420777168,-5.792908164670318,16.633688484722786,28.35971822023769
56.343350883615145,-34.11731430352408,-5.503121391942977,13.713998074203172,28.726258129645565
54.156957109302645,-34.83510833633312,-4.023109170173745,9.654035712819923,28.0052957414496
55.51352502320213,-35.06102016837252,-2.1134415325205778,5.191348398007558,28.985682837504932
58.824748030664146,-36.390684906278366,-0.8415101378572891,0.11505252908540164,30.51666564691279
62.78139031818693,-38.179861673510956,-0.05846951851900828,-3.3589357922267027,30.626683693421626
65.57355424331318,-39.577869571311766,0.8308699816722549,-7.167739882518797,29.052478301405152
67.27973089740684,-39.165509137403404,2.446447427400295,-9.829039453391172,27.209325564414385
70.13648878397343,-39.38733125084971,5.415170883785299,-10.66609835815342,25.541935548042247
75.1562996294823,-40.467706591844205,8.815923565715815,-8.641599866194909,26.27456175746932
82.11949606386739,-40.16141689653098,12.102690715334377,-7.42254058476548,27.606163308719893
87.71343952079727,-38.933749965432,15.173094660694419,-5.875297700019123,27.05351527414839
91.71160721406677,-37.71101532293683,18.353869479872827,-1.9083230747635,26.270232357680996
95.180772012134,-37.60624379779725,19.902053978610436,0.35354207514356073,26.384116795700407
97.29628391050055,-36.656439798804485,21.418944302593015,2.658091049144125,26.97596884786367
97.25978470827174,-35.70289262700267,22.662798635002424,4.300804125175904,27.16224758690477
97.14501907752089,-34.9727447062192,24.37880502645078,5.03025207835529,27.674616723937703
98.07252007172015,-34.355435774961904,26.95213168088258,5.0495995800577385,26.449982844594913
100.00395841122842,-33.801586291778804,29.382764897665425,3.4528115955347056,25.40772937616726
101.51308567496467,-32.49153994282037,30.289485703916746,3.1480315598942488,26.087550451814565
101.258398393897,-31.638129420206223,30.063463615923865,3.263036521825625,29.202004434447197
101.66151024302913,-33.647455349636544,28.82697018916829,5.713624544857475,31.3721466188874
103.00452542999533,-36.19529333375681,28.613072309763922,5.399729394204674,33.79977480833526
102.40619110916614,-38.16596635817875,28.75961067362243,5.141956143742189,37.556118223036535
103.28382503587436,-39.45620924001304,27.536462918885675,3.039960807270151,39.0975949045131
105.90990925216218,-41.101497032936805,25.89504741008793,1.785258359722218,38.44925500167811
108.10657528618684,-43.94493120915595,23.474440907852966,3.378911546242132,36.32954508793082
107.20429071179612,-45.821811463660424,21.583218001915885,3.611248583505211,33.938714672777785
103.50944753510176,-46.17620802687192,21.38994740594874,4.453637150683577,32.58644425053076
101.05829328397454,-47.99604148998962,23.8233233517563,2.782099041895724,30.67219834259874
98.58147851671636,-50.15220379157802,26.702782739936705,-1.6683363707820718,29.488596067987615
96.0161465364982,-52.62057939449576,28.344317861731135,-5.933782070996298,28.216854709287666
91.88770926550487,-54.3019027908842,28.58316522267544,-11.163798218745093,26.057972918059924
89.9311651423874,-55.80709026796836,27.651953163837405,-13.76732024316459,25.40331216224569
85.39356155878325,-58.6245238742565,27.476557655994103,-15.554615200965014,25.580229068029453
81.03230720552564,-59.861407153541165,27.702055205203788,-17.630280867710827,25.523669098996457
78.63601579851179,-59.90936495821521,27.671769349620472,-20.100618470766907,25.720571980341575
78.34248323666348,-60.28633939031077,27.293045616822265,-19.983252341924548,24.717500737519167
79.41945355453264,-61.81199936768543,26.271631490628913,-18.93252118069361,23.57090258913137
78.10308502361686,-64.50108812052298,24.441802735727233,-18.47237797386429,23.719374966180133
75.68246555169704,-67.05255089125367,22.733504614111727,-15.577310715555043,22.461484488691504
72.31566077250777,-70.9956652933984,21.724417768718506,-9.855967860590383,20.58062071898268
67.27114850857622,-72.54476691305337,20.39198420710081,-6.011675563068427,18.881392544831044
59.672309179837896,-73.8481031520799,18.83346500708817,-5.193296838817996,17.995726002859847
54.25777344140148,-75.065977030502,18.28841659897842,-8.687660126080022,15.149733956903484
53.01610360858999,-76.39868475265023,17.690268670158716,-16.120326177662154,12.279396742366206
51.72793873372319,-77.25143097678169,17.483133826463106,-22.238439596919406,8.670750476887395
51.972532166485394,-76.81222384084981,15.751544076784748,-23.836589207921765,4.091635396742145
53.620249057206024,-79.07076404161654,12.720167684608345,-22.092608151012527,0.8824294159819877
53.3421616545296,-80.76257444522183,9.850156734817462,-17.42399456991899,-2.5106203707681924
52.40453399321177,-81.86223000483237,8.51751603442544,-13.504259926241467,-5.557322132132507
51.762083229013626,-81.51256463757231,7.619915972384213,-12.369005947664736,-7.184746058152628
52.76005047116678,-80.4896917356817,7.755560141927683,-11.994996256708596,-8.05916661407182
54.09704867488236,-81.31787704131514,8.588034711473197,-11.91139116287123,-8.849316484262587
51.73935931217158,-83.72123139640026,10.116104613500033,-8.308184805231532,-9.747139555430394
52.60831354708873,-84.51181232027436,13.130509416653457,-5.39761621593875,-10.581912168616176
55.02377118354425,-83.7997950352874,16.360014267678054,-2.8333877481277785,-12.202647192560692
55.02442656931145,-83.33787027162485,18.559706524039,-0.4226670577291971,-12.631600701324954
51.48934175880685,-82.39781476479203,20.15931528856174,1.685920052101685,-13.794401328412627
46.44789469285073,-82.18809457920881,21.612714938277556,2.3216751297533182,-13.486214319842558
41.74006657023633,-81.18112994418351,22.876949378416686,2.49544650532728,-13.72016295846421
36.93386317754624,-80.46129429702806,24.48854869932385,4.640169607116822,-13.483674294066633
32.261618612069334,-80.89047552658847,26.007599323608265,5.827835050335454,-12.524474716793655
26.752817395654578,-81.26618697234277,27.720052671194697,6.420696636390441,-11.549502107467474
23.377459520062565,-81.74043137004942,28.955515487608146,7.334475610779507,-10.861491680458487
19.31639072799898,-81.61536550218418,30.285466835727426,8.019233350476298,-9.825731199739986
16.905774657749117,-81.83964147103298,30.96631428379287,6.263291123080749,-7.799432545260384
16.837159487822763,-82.24664093993266,31.38658176034133,2.2387859873480984,-5.063988064138166
14.28515077082671,-79.87260926100647,31.620291973016215,-0.3461433902109734,-4.215526220172712
10.720013738400649,-76.39006851686551,32.30985494857779,-4.2571632659828325,-4.483433463171151
9.702786557906652,-73.96555456865562,33.204153416155116,-6.4506201211564465,-5.44302649427717
9.820114714972387,-72.17657771550209,33.87307352399192,-11.747022863277339,-6.451458537096511
11.662032629158219,-72.08641497735397,35.08759253969674,-17.289765027939637,-7.252090701463253
15.539250084138235,-70.78918545704121,36.70753687705775,-22.043689703789607,-8.033208906274584
16.70896037585778,-69.58091803038292,37.407078326200086,-23.801160744635816,-8.4630115266013
16.036395531569784,-67.65606354340527,37.577143028072676,-24.442320425492024,-7.645717436724832
15.870783825217398,-64.91352596619505,37.902127488600485,-27.078449719493893,-7.922665145645798
15.375685893469278,-61.76230036801526,39.69335462844827,-30.12981623566066,-7.483487045094849
15.501168013814038,-58.371603779938596,42.31163106545667,-24.686489722956537,-6.6204503101087155
18.59605092336773,-54.66189670789896,44.12362966855819,-21.177872115297824,-5.188620298454087
21.212207084657532,-49.58702266472352,44.620584437636246,-17.727017019316627,-3.147793667637826
23.33504938629815,-44.92452762292551,45.75661906481562,-14.207596191025623,-0.6032377078668505
24.68715686178204,-40.98883775576218,46.930323917963825,-11.79849133014293,2.165642554409224
21.58116118094993,-40.18926119938149,46.998759594289766,-11.364529220273926,4.345310818945251
16.58470284876799,-40.90918065603917,46.288359436946465,-11.611644621038213,4.431398136354523
12.16946445413721,-42.90099768013316,46.31030163010077,-13.788325955186028,5.009741962577271
8.044783641197775,-44.35119771938679,47.13200882383249,-18.147449347479284,6.339102925410971
6.395275456789945,-44.49343774775244,47.79400889863043,-22.632437779637623,8.098095080855336
7.75328698817473,-43.75453168171519,47.55619707222908,-25.796607588810392,9.932749314712865
7.962620196947772,-44.51071198203455,46.70008560590727,-28.95436865392328,12.405461361717242
9.734149876207105,-44.14861783465469,45.65847511680648,-31.771728063418298,14.81796814930533
10.549811393535304,-42.83227511333662,43.86391629135945,-33.28587761960127,17.209639134679776
11.369796851575604,-41.716726318986076,42.152777103859876,-34.62325150155784,19.464087911341373
11.32503241549178,-42.16050639004236,40.27292660686326,-34.422375143900524,22.16083153836363
8.436940857177191,-42.69538927694498,38.639666631503744,-31.043148528291976,25.558220101091955
4.096444378076867,-42.506259058959714,36.59965008409703,-25.011254356908594,27.221367998558584
-2.6082419333000386,-41.01901365191401,35.3190790835261,-20.9037212276681,29.366780201741932
-6.728434316969278,-40.46310754531382,34.301097399468944,-17.548604162324306,31.023544307933847
-6.55631962315311,-40.7218333166083,34.1306333715192,-10.746362714225219,32.621025031312804
-3.928096588036311,-41.85126141860927,34.47651359658634,-4.662000439741466,33.85133687699105
-2.1821817122481857,-42.51872096052276,34.781789778934,-0.7854865964863196,34.29770758808653
0.19117839653390156,-43.020251860291395,34.2614922968349,1.3067525359618308,34.488871043659344
-1.5222482737958352,-43.47778455742785,33.904002125380174,2.1876228875869073,34.66976858823404
-1.8838743776822542,-44.490197033240804,32.85699296015361,2.7227257297357026,35.735918482194265
2.0173935561003216,-44.43380243678986,31.135467968852133,4.824813550461214,36.75626322330696
7.095690377429723,-43.05755613497804,29.53356861051173,6.388856698001333,36.16537207998344
10.049845501885287,-40.9464527025838,27.141090877288597,6.709086362629718,36.416777642321
13.426090434844507,-40.94411345708615,26.993272082390547,6.305987140936103,37.02722899476603
16.375490133998024,-41.068834389254505,27.284957360953694,8.228362145018146,37.63304139430163
16.461968705268713,-40.29935550805732,25.95036514306344,9.429001387467498,37.88304714401987
13.298662845783237,-39.4793534955558,25.547032996758148,11.387412841896413,37.691477675678186
9.84807520906351,-38.38620722049208,25.96448980071924,14.655717841010826,39.39084279265257
7.338283629650882,-36.216816720736475,26.743363544398502,17.113432198977275,41.946577537462026
0.6225580654985547,-33.57010239408538,27.602024106268132,18.280615782809672,44.10180869494286
0.03420239547372894,-30.300887060309915,27.276110643202518,16.619978347558227,43.620846738102195
0.445605253943234,-25.757598304735414,27.265174765410904,16.53398412126653,41.624241098783955
2.971813030452908,-20.795954180968618,27.00402953787388,19.132580866065254,41.25317283105816
5.536135772585813,-16.47516080695561,25.962744633647528,22.653160959793254,41.921840458875124
9.78575311546074,-12.822370615507715,24.68830944756656,26.87476648422841,40.713149826713824
17.76054124194129,-9.753184385219665,23.447317103913274,35.38111948922508,39.13630450947569
23.56714951829884,-6.5672789628232735,22.840698888578284,43.68053190713891,38.79572038445246
26.65077231209073,-3.750587917850071,23.687491168906906,52.04252939831427,38.747783274226066
29.753026632644584,-0.9648756415820863,25.362160495285238,60.448956724199405,38.29519887314789
34.151492168436135,1.0304627097128805,26.137473735714714,65.8519504666125,37.956474349418514
38.2108397477381,2.153730401675677,26.6016909136784,69.22729638676866,38.4101191337678
40.859432126514356,3.565661116401243,27.37513753212654,70.99277275440882,40.02160446611132
39.919427524017976,4.488804778127038,26.635576734606754,71.72880986981045,42.27122307210051
38.620284533108425,4.341263204235539,23.741227778794112,69.44391051551133,44.47972687751166
35.77749596026738,3.933137886523035,19.555437535362305,66.31075397934096,47.53580571526867
33.19589447660263,4.071825673019468,16.02151827304502,64.4820526974054,49.53389870687503
33.723941404357554,3.7897408343803614,13.277384725315203,66.99276292540989,52.282171596062554
35.53301289826952,5.246571170262127,11.239703284506668,69.55711868917142,53.89206425565604
37.692269403396715,6.791036846593231,10.225395668483053,72.29972687263086,55.01579143908923
36.416420923100915,6.875274517227552,9.104407098880879,73.06363828054197,55.392481851476795
35.54980437781617,9.576803601206336,7.956863781550869,72.73135469599924,54.98876622434939
34.186556353512614,12.030266636122326,6.225104607513705,72.4072100061119,53.91453962050217
29.17378391111875,15.675541175801591,4.00482874088725,74.0293177544433,53.17120542887203
27.087841789018956,19.602686354287723,2.2582579273412775,73.063432616114,54.36610163351874
25.900390755505523,23.10952170438186,0.9904794077171943,73.283344185381,55.13135021294576
24.997844646286477,25.01271430468114,0.4962386608794076,74.1162019639874,56.08960367289638
25.297822583366617,26.33407293103008,1.1111026701507014,72.49851059564129,58.25457027443478
28.204406507847466,26.514311986671032,1.5992990242943166,69.68313260875011,59.7244062742656
29.512158159395717,27.231736266741137,2.0524012817272967,65.16473993047255,61.02900153411634
32.799751841243896,27.8790250301269,1.9099454992921499,60.51153223798801,60.181392644169655
35.85695307074508,28.369104106164375,1.131824288520194,57.92649657127612,60.826056951645036
36.421094631641694,31.15802847180338,0.12176120988180905,57.799179942995735,62.478616637925285
36.56183810665828,32.80060911994815,-1.6715255059691194,56.97774704714388,65.28381034670622
35.496761605788315,32.33934104641992,-4.302179066612487,52.825132810613276,67.95439045328274
34.18473109618846,31.166077307969697,-7.0657889141497385,47.22469941691455,68.44607199929557
36.10539072599657,30.865264467331556,-9.824970006674958,43.07840021300081,69.89649273269572
34.676884695263304,32.69553647111063,-12.640204838879313,38.867678943506526,72.55422019099555
32.710452351770364,34.100081979461365,-15.101154289792488,36.33028834966197,73.68719216184448
31.339052217082326,35.96109049386731,-16.93988076541035,34.02411363376655,75.6460072434466
29.761423173795926,36.852612965728504,-18.312545765383586,35.77651280937442,76.16725006669776
27.576884084027096,37.276902083456434,-18.79491391789367,40.10865801611968,74.83602041840463
27.08889109437482,35.62707039410585,-19.224801047699483,42.49327507917629,75.38706984061662
25.973086688646763,32.40665550308914,-19.946765550469394,43.239773672074215,77.34084694825266
19.266471499740014,30.718972673996227,-20.472910421596577,44.10175326442239,79.23715193494954
9.991478111636756,31.031906574041887,-19.449143710966304,47.40145256134815,81.4683985014513
2.029757470434422,32.68500020983906,-17.593813883753622,46.92012591202098,83.27160837957466
-1.9786876822996522,34.66616519557485,-15.931437763182847,44.79852082177507,83.8288800707315
-3.1939738319953523,33.311456040281215,-15.194294799922663,41.154649470660786,83.60867707914473
-7.882154168543002,30.75592592947662,-14.763005345833982,38.135829548873275,82.10416678863025
-11.34488217263797,27.19601304415867,-14.755055374281717,36.78068902695698,79.56420869951879
-13.24172691092705,24.27497410349484,-15.293617723112867,39.72900213539202,78.74286795733907
-15.524049135527818,22.01709485488125,-16.44924326081483,39.777648622173146,78.55434930284996
-18.40931649921114,21.411677132054002,-17.01487199711705,41.48822317805563,77.27284410480654
-19.59550660494695,23.036166623937433,-15.88876557429465,42.52002449563019,77.25252016057539
-19.52600399824741,25.929779394404477,-14.760639140627156,38.05278419865683,76.35140399256845
-21.255370592780807,28.764701700560057,-14.997325488846323,33.96463664579432,75.56915778851665
-25.147274715724546,32.69173179463399,-14.802659011776036,30.989679512948868,76.4167629429117
-28.287932586964303,35.652823219278915,-13.997335551142118,26.67200215127314,76.60288473136491
-26.85466609207466,38.73960057090359,-13.697017213988316,21.740022758166777,77.57181150581582
-22.758246867708895,40.595226264725625,-14.439277987536226,16.968084106068787,77.67396875144838
-18.139431261122603,42.09318613384697,-15.56795817041293,14.123849242992648,77.79232491130225
-16.618906788560523,44.392071832625746,-16.391735514415977,10.64219352863881,78.49417343725
-17.740685970185535,46.812048583389014,-17.083880840737958,6.298100575041805,81.12699352847173
-17.723528772262597,47.88879698078608,-17.505783285764622,5.150445278210561,84.5372402254261
-15.789157990251887,48.64805426576103,-17.559337599980363,2.562513234949356,86.93940110921217
-15.531157413924376,50.336122219804366,-17.407272306942346,-1.8413839442194346,87.22223052359794
-16.14169624779661,52.881810751008686,-17.58673248984555,-8.016946108307348,86.23568893472012
-18.280940703317786,57.83401665668447,-18.239362126670155,-11.555340092819277,84.73801362795766
-21.38012163670063,62.95453912466067,-19.054789291646557,-15.718386322649014,82.9902400851128
-21.947991164426114,67.29812234791413,-19.507277724093353,-16.387228099967306,82.90053957911633
-22.31043978002997,68.81604685252894,-19.802484093168662,-17.127694935885923,83.28690294204131
-24.5184384653844,69.00012216357378,-19.53229975510134,-19.43410062748644,83.36959943560898
-29.461477120179207,67.7868357376893,-18.055432431581043,-21.07142662189947,83.47240016180766
-34.06281505496907,68.39013225456489,-16.365566540939003,-18.207856968394026,84.09066923498374
-37.96543068190359,69.20087909322486,-14.410983718211233,-16.351011065741943,84.3953697716048
-38.09372875379399,68.40667249359525,-11.98569681817311,-18.17940656525815,85.23410660489402
-38.99131021638863,67.60530847896592,-11.23082758016639,-19.932697672721474,86.92950021919255
-41.95708012422922,67.15949613556413,-11.780301090541192,-19.815094994278034,89.35433128639932
-43.379572504046074,67.61112762089166,-13.080460608185957,-22.448304482855697,93.14784592529102
-43.59346693301806,68.66534849968181,-13.11775841830799,-20.807014894842883,96.72093681066556
-43.628703801430966,70.23916518909793,-12.335944520857701,-18.551298397933635,97.92808206918062
-43.346679715680935,71.52635571460621,-12.496866145614149,-15.29911448423038,98.57643900735596
-43.94603687502035,72.80863637607565,-13.721027552705419,-11.787286010230787,98.0339206407664
-44.48587526723978,71.97737675204675,-16.269067177722498,-8.70767688314873,96.15585698140667
-43.34973342356339,69.16113977795378,-19.732599936615003,-7.144264608493145,93.68824216603088
-44.273944439560026,66.4245083659966,-21.04178707873292,-3.410466140062992,90.91847051111642
-43.86014026387229,64.13798817864277,-21.208404991149933,2.47823031482989,89.55304166607827
-41.0002554772017,60.917831640901966,-20.22272203793714,6.221212845175745,87.9035326180778
-39.382191553764116,59.48442538933773,-19.92813024905862,13.63938267875919,87.50250708368058
-32.97035805757532,58.99489279143465,-19.726338859067628,22.167534851630027,87.37337258292202
-23.17413416877996,58.25951849918009,-19.823077966695745,29.23811550091864,88.64626524305426
-18.50718764167232,57.981601664935994,-20.07799973903123,33.80682176893255,89.93672012159332
-14.260542746509842,58.76939761611369,-21.01685605171371,37.08741866057304,91.3968033887742
-9.250029139881118,57.78460059842732,-24.132165961067585,39.80875060417781,92.13182984991117
-7.3926764005528876,57.43513864159331,-26.80513528297327,43.27894552486652,93.78449160885967
-5.726078333801983,57.71588577690028,-29.521331231476548,45.740326628256646,95.73056609293134
-5.168167786041826,58.74536677212541,-30.92215221319372,48.91936068627899,96.99034417295304
-3.3240928157697476,60.46215152599859,-31.82093139917231,51.44236653215006,96.90787642231847
-3.3861864774151726,60.761944240017314,-33.29004072784523,53.969228004728116,96.20394330474505
-5.896914652179586,61.9804956370955,-34.98091412251036,54.42101363113846,97.00812986941236
-4.590054470195785,64.28955057356023,-35.61803011037655,54.47761623026002,98.51848148742593
-2.5095738600461743,67.78628768130287,-35.56730924084379,52.81413873913946,100.0828379861305
0.46389815257214995,69.69235220701647,-36.88235212121574,50.44700383872732,99.66352729930199
4.897064646966958,71.36522202782427,-37.45126048935434,49.37581659936199,99.61472068447134
8.317316270362099,71.90096309046953,-37.59499784485023,49.25281771781669,100.59250962429624
9.83123938699374,70.88376679953306,-35.72922895577274,50.964434364714116,102.69350141555866
11.634506603242219,71.25966064751601,-34.390401253740144,51.63391522551397,104.27941795922675
16.63739684183919,71.26998939614923,-32.86638632130958,50.92037975788701,104.94851653947616
21.478502278458954,71.61640453609697,-31.602339337322178,51.48918286622681,105.78700263854321
25.784246876435365,71.88617039252465,-31.559222198651515,50.63015523369755,106.46263225776976
28.695016428499965,73.09213706411548,-31.95048385186699,52.17500719803593,105.21849034884612
31.297949962612066,73.81473559003646,-32.56209063347385,53.76257464254374,103.60316534835323
32.363495544072094,74.67437415428059,-32.972523395704364,54.57436856825859,101.85770705729557
33.53572653242593,76.34495537890676,-34.413476561265476,53.80457316608572,102.35459374402886
36.481727168183305,74.72771862628268,-35.03486267975166,56.760336609685595,104.3174458868007
41.89471943222829,72.51851607334433,-35.665470971455846,59.15971574139782,106.9103900431116
48.34134904550339,69.59936878552028,-35.50356453114379,59.461585986281094,108.47719341993526
54.29963319361341,68.89025328825942,-35.80099071529932,60.102910208407295,109.66321909367737
62.5596188467018,69.78851613330076,-34.70734278940178,62.90586171107498,110.15913272074948
69.38306400001214,70.80135889289883,-34.10560390753051,66.9584955309595,111.2683189418711
73.80055907407277,72.50908258168366,-33.88925850909621,72.1373291693498,111.81561222534485
73.28687778102181,74.41696422616536,-34.86728854204763,76.4448961734862,110.78436483207825
72.51531638732735,75.2162239938649,-36.2681230496048,82.87789460939806,108.9460999869201
73.48025479317263,77.260855700838,-37.22941359096186,88.95390155019705,107.0190489379269
76.72006318322703,81.18161236325528,-37.3604030814611,92.31084555314006,106.08051202596509
79.44148876066252,85.64305307471051,-36.60346785791341,95.66611366852794,105.51907655142078
85.78127921366456,90.25292345454915,-36.55027297979631,98.36049070367446,105.93402704151791
93.29034969720304,93.8880818816187,-36.676550680843214,101.98283173811117,106.93338955330736
97.02969404873737,96.0246647177457,-37.17404768378417,105.3022242168655,107.51403015762668
99.81316081914251,98.38656575134183,-37.257602896647896,110.84749316266084,109.38897533902512
101.98494930332888,99.66452850673524,-37.05448683534609,117.71978796356112,111.88936184751688
106.09375585747733,100.33095817743724,-36.99525978979248,126.70852300227696,113.07725409189788
109.85542681397878,100.47670574506334,-35.81761778114991,135.42305847125078,113.45999902180137
110.93277446716942,99.4571354330655,-34.02335380170828,142.54663878243892,112.86720009061268
111.83827934548582,99.07445080815664,-32.369621689137766,144.81467275381894,112.68874876011024
111.63281146858965,98.93847739537016,-31.429682104117358,147.48025514691724,111.73401188200201
107.82335146951239,98.70568103010326,-31.607616099492137,152.49951185546655,112.67879927446751
102.53854650046739,100.3230783795916,-31.599387685643354,154.66350734184934,113.28582791667573
98.66309470484659,101.41308765153539,-32.59115602830106,151.96654616463223,114.62380190908372
95.00626032212523,100.88732949217675,-33.34009719038347,146.57901897107266,115.16897725081259
94.66072955645902,99.4127606398151,-32.60826979511111,142.1799178160562,115.80999689811621
92.64356112104701,98.60225887467335,-32.55537668085164,136.3108504275259,116.84168623402304
88.99335754124486,99.59443084108935,-31.819900177379125,128.18041681529868,118.38073364077022
84.07858175686899,100.87564567258131,-31.61502613797561,119.83292220293181,118.7256330917507
80.39350073776251,100.69692324573765,-31.54489648814773,112.88429653814953,118.26759508600661
80.58377197486371,98.3508082865798,-31.70033071464092,103.53286564363152,117.42079262838519
81.56246085094698,95.73086206185062,-32.57518450954907,95.60911445426937,116.21351655187567
81.89037223687814,95.31911153044521,-33.08101900710339,87.87445049406784,114.23672932232381
84.4294161244009,95.88254413991443,-34.20965883632256,77.32593160749414,113.88922069391961
91.39984921625872,95.44895852190187,-34.71890719071253,68.18964916640086,114.98377027885223
98.38878661186571,95.15726246188487,-35.062510388634024,60.29395002075552,116.26527659170303
99.79248430252639,94.31254798443166,-36.14645718737807,53.05722336489512,116.53646999042643
97.24448825964528,93.24448721440918,-37.42304011211924,47.85346704468159,115.1884253230644
95.79541827115025,93.29575979464123,-38.295271990831736,46.325828551689185,111.08535929808914
95.83062422531512,94.57352384814621,-38.29828657145695,45.78456535292464,109.48020075917547
91.97286810354301,96.20797939585972,-38.741924043938084,46.293315438739945,108.8145277703211
89.04188807854915,96.66432524584407,-38.56982012752796,47.67606121020825,108.63415930085948
88.53261944274158,97.36164216644256,-39.21888074807171,52.07807064632825,109.0220795371097
85.9649931733588,97.96189184173797,-40.36422328260893,56.09451479991569,110.59022232498596
86.55011381206283,97.58934133695601,-43.222034000314885,58.08776473016049,111.56285825558399
88.24917259893179,96.03198941275933,-45.01288348305708,58.05843769576304,111.42346169391105
90.6271084680543,94.28656209370504,-47.38109871868388,58.356094450752906,113.39114248847282
91.57380075456311,93.09572980999836,-49.869929414292635,55.64870770410904,115.83610710437608
95.22667727466047,92.23042393697453,-52.03937922487794,52.44428912733554,117.31278312518843
103.31745876168289,88.36334661038843,-52.97153715976129,52.61643410789615,117.90431854378694
110.73425222150057,84.2866297653051,-53.33736981474087,54.950747517270855,116.70826781573336
118.9960357230629,83.32210963160531,-53.16019500386576,57.6212174939833,116.93991932583617
123.55613400374814,81.88293253753127,-53.00815867726623,60.638045243966175,117.69364063707701
126.26307851119643,81.59276501202777,-53.37007942733644,63.68551549567914,116.95405185155401
126.43816820347524,82.58601930653056,-52.929925538446504,66.40109407890742,118.08768184787488
125.74653031873532,83.76461507877711,-51.391326559178914,68.53039787131256,119.96297387082846
123.45585235296775,86.3781297065848,-50.00037278016985,69.72047578803338,122.3630868417885
120.81465634279245,87.87734535499166,-48.84111575782353,65.97841104274194,123.78146569394713
120.12431243980674,88.67647680608934,-47.867729988636185,59.926972805560226,123.54985248624678
116.92739127296392,89.17202797888511,-47.738660124113665,57.980122837459945,122.34678853721427
111.38610111395498,90.29228859905702,-47.31165527407295,59.091100126333046,120.52940142093773
106.05582880698728,92.30043213070701,-45.689813266321096,58.58906566359032,118.45376409814432
103.32843318627415,97.28342127053516,-44.676776295271154,53.76708943464208,115.21519807736159
105.20382184454583,101.60381008736526,-44.220449158280154,53.59365348205013,111.742211655452
106.84865006399137,105.57623207704262,-43.731073700019294,50.613802568593734,108.70899727855812
107.71552812232875,110.47780174820296,-43.82467640347881,47.51390555057805,107.10920844482786
107.43902522846409,114.60703876271971,-43.027551527268805,46.349316730939165,106.53873390063147
105.85121963808903,117.74567368982511,-42.643611397925596,47.55298345627274,106.32634623700022
104.6995857241378,121.74016132469228,-42.288187993875454,49.951894419117785,105.71607998631026
103.09963528277248,123.9539071974745,-42.06874692600506,53.328162962161265,104.88732724966692
103.261043547474,126.28984061014586,-41.913660756860075,56.21683413546441,103.66699863661911
103.46828265550255,127.57145354596105,-41.89263987045805,58.67316940485291,102.26005073275947
104.70212418183466,128.27961538770774,-40.893808949211625,60.17299490432934,99.23812637483265
108.0259774243206,128.69385723658448,-39.45803779468987,58.59649847714877,96.38756213165723
112.43934199257237,130.74323369321476,-37.242607293296864,58.14259678851134,93.6679096767064
114.55636907094205,131.7391840357884,-34.39831786231222,58.54971268837165,91.05657589254307
116.49692325384746,129.99649684989794,-33.06880880380257,57.22405081032346,89.8457835691827
119.50362136638789,127.7467525143818,-32.93818128105017,58.4595307752205,88.86401189822095
121.66877672760711,124.98021765387124,-32.82943249967625,60.09777614107958,88.2905569756111
125.9693690211424,123.03794187775848,-31.84102578605283,57.503524708840914,85.5595524156335
129.58400920118652,122.71005874156695,-30.92394455330422,54.209807866481576,84.78405511676247
131.05418731870844,123.42524838258481,-29.34428923823124,51.99650607364498,85.60080263857598
130.61830901267746,122.82851039405108,-28.580956184482964,50.46157536100138,86.11482088277634
130.53268118112751,120.49575191894503,-28.680736902054925,49.21828374665533,86.5865339248858
132.06752818479734,119.07015962446651,-28.984532592609327,48.588492127029724,88.09311309037184
133.20058520880795,117.14849748293867,-29.056577223171928,47.720896036102545,87.66094859271992
135.9116707700756,113.9282953010744,-28.68439959762902,46.51172007204085,87.13242579143031
142.19323722277747,112.9918017182451,-28.775269058829753,45.00206722097304,87.19927909229885
146.1808345505166,112.60338943170241,-27.799239100503765,45.352232479714246,86.38066173993717
149.8622406856057,112.60488270071117,-26.72656131519116,43.37773201011251,86.07947924361437
155.6036458382547,113.15583773151037,-26.16441754939009,40.936632404302,85.638573792768
159.41224643187434,113.89806171769106,-25.95080985456123,39.76047862864066,84.73305519624131
159.40878697573743,114.66349992721622,-24.86316089849827,40.63373857525832,85.14834988691841
159.87096096864127,115.70474258483257,-23.61451237223766,42.69679155470451,83.87470749603418
161.36724913256214,115.94817376109874,-22.62120769609376,45.8147044963787,82.90984919625494
161.40196101697933,116.15584069012966,-22.783991142359557,47.915472302040214,81.81875384186293
162.10215130026887,115.73638959849771,-24.707301774977253,47.24359880471888,81.15402562427484
163.60794509769482,116.15286233545235,-26.921023020285716,45.093799238571286,80.73563523497243
164.58454411972752,116.82201718093256,-28.956159044512003,41.14592609437324,78.84587206384842
166.3473092461068,117.36593367778934,-30.88755218965012,36.6086887761836,76.29983261118774
167.41992433500263,118.22816519594224,-32.69534358766824,32.39147402422559,75.06257898361227
169.13600287877992,120.24373560620262,-35.01972151618832,29.613998247891104,73.4516239562198
165.86753129168267,123.1276812686058,-36.673558080244,29.15198673866127,72.71872904947317
161.2886725168568,126.11870568694894,-38.786794458732594,28.17130244288206,72.0819354566327
157.9708302869987,128.16572394263548,-40.3669407036187,28.308515662045863,72.14130320938274
153.50453056805554,131.09317193335795,-41.12325209531177,29.78950728845333,73.34251823113485
149.25068674505548,132.7967589992778,-41.7661475116306,30.040209082323365,73.08636353977687
144.97036106704792,133.08134517079884,-43.31759627040949,26.46637843838897,72.99870427283403
141.72187858038245,134.90485940176632,-44.779748810581204,24.580224427164037,72.86912566017602
136.97715591755693,135.82178291414888,-46.35660152168944,22.441631958643836,73.75558181946124
130.38021244424607,136.8028478990157,-47.401088936647604,15.128048494309347,74.66392906079146
122.84869071387178,138.0573615090874,-48.785891588396886,6.462846706472816,75.97821804905597
114.99237991607234,138.9430978499629,-48.68165770632744,-1.1305764809293768,77.00510112740703
106.7187488137873,139.05727675821467,-48.14269955126479,-5.293530811724106,77.95748037645629
100.10932376933593,138.5955732134458,-48.3919501475922,-10.978111237895561,78.44473915124746
99.03780839763321,137.1783469569441,-49.19084001224512,-14.518382399968523,79.16099329752035
101.01924035046024,134.58019007181187,-49.81814856405898,-19.661656733805867,79.27883394005507
99.80514352242785,130.42361446163827,-50.39248713685877,-20.587123404079332,79.73915695795232
100.45447419934115,126.8919285592842,-50.85402598199379,-17.607510531937656,80.28202358883102
102.91695586460595,125.72417514186259,-51.45624196021557,-17.747788795495268,82.40841843875441
104.80275734263454,123.61262991379094,-51.57174364608794,-14.021819588133248,83.6172631884145
103.91156476211228,122.0858202919013,-51.93557003665288,-8.794906478119604,84.30881178305344
105.7522594745585,121.41219318481383,-52.051078288247176,-6.925879498091066,86.62882750193879
106.10440667292461,122.16771287124936,-51.66576928562245,-8.242437403363112,90.0171176077372
105.14877468691894,123.97816166763647,-51.61342998137225,-8.802702215079051,91.89899455792089
107.5230036470274,126.25487697677684,-51.51299839717452,-9.283971082747453,93.96905147011391
110.76995657708723,127.24975618260993,-50.44786174243483,-8.718611164585553,98.43947034989596
114.62916633974727,127.85203812140077,-48.86157770456841,-11.024538452707162,101.99941321935127
117.7542155343698,128.0473678890169,-48.242715274715934,-14.30993850351977,103.1502066989934
119.64743304182618,126.94049485713127,-48.02929979151746,-15.992657770571629,102.5084630037056
121.13335650209063,126.36380459155492,-46.52712096524703,-14.12210406062539,102.85451240667425
124.83196646662896,125.28171475684354,-44.59869950505848,-13.271961092208764,101.86041270677387
128.27673524047654,125.33968014890819,-42.794333478118574,-12.498225941669826,100.8343789525689
131.99481039399353,126.24230714044639,-42.025176101716944,-12.834766935241499,100.56765654866828
132.5221816423966,125.64240481509249,-41.01731062517833,-10.283732490560483,99.94838369530613
133.17756417261995,126.14084721164447,-41.144161149080965,-5.491549378667942,99.48336397485909
134.65051393504083,127.1151953571157,-41.84995529743129,1.9087264689221852,98.6831646434806
136.15570449020328,127.98192951797418,-43.064706229730135,9.855172443844843,98.47069624386621
139.61244301585828,125.94322082497435,-45.26764871058,16.472557508468533,98.42449648211648
145.64788562716356,123.00659903087924,-47.496376696097926,17.67274281535685,98.47657487932159
152.80208366890608,119.87892042004111,-49.05710256622316,17.12393076356316,96.97350726068323
158.75577263821154,116.5842173113883,-49.57270713423522,14.797577173746625,95.71231362745607
163.5052864706301,112.81563073971655,-49.98446830830149,15.744834351029624,95.43650064184843
167.45200244400104,108.4249165017602,-50.90900788833821,15.636320116117908,97.10098827026341
172.1873305024517,106.31215727389836,-52.6856181621582,16.29521218018034,98.97100936904769
174.1498216633773,104.56589967433463,-53.38175359355105,16.789976243579797,99.26220880590309
171.8537200321775,100.75718761253161,-53.761707957730074,18.137815046510166,98.15706602657404
171.5164966521238,96.4702795028519,-54.20100753127863,16.752101875409846,97.59442520006694
169.05645395628108,92.34040395414132,-53.56323530421806,12.544920370385281,97.33342845505216
162.50624396523673,88.81292198944327,-53.51536213676955,10.465520639114722,98.90290498736651
159.6023134966152,86.06558386751217,-54.5101276882571,9.74040802616545,99.85910192255936
157.27035897666715,84.22352652307198,-54.909227575109334,8.674488280555035,101.6015441475558
152.02702096339647,82.30256183643947,-57.12540329149847,6.0999883435993185,102.7384137570167
149.4892492970011,80.81373116193822,-59.0737999906622,5.517075969511459,103.13631671874977
148.23172208516516,83.0070374856267,-60.25076459531051,4.138473928711366,103.9127499377917
146.69202647246004,84.60453782745334,-61.67735935860518,2.3746275948642763,104.50695812395684
145.04698204631467,83.66539264274815,-62.774512586527834,2.4549839839038095,103.48903467314655
143.72402732812458,83.5203697165984,-62.61114895492814,1.7512400226431115,101.79689949671709
143.4587724002939,83.30110017102528,-62.584846138186116,0.8772433627520781,99.99011706983529
142.39452040725865,82.12829898643331,-61.40127464977391,0.386029419886885,99.00174607222272
141.7293288982167,79.66107618064159,-60.42312932591293,-1.7015886617011682,97.37981324561068
141.37420097704646,78.78829892929535,-61.362800315421914,-6.562450761029924,96.3394626382768
136.48580833913067,77.4301290351261,-63.000548900579204,-11.527883775666588,95.18531791161153
128.86711082320303,78.20888094030114,-63.18882118083366,-14.563894979198157,93.23579035898383
120.71803762530203,81.1352183267162,-63.318635926586424,-17.299562533474315,92.05852562413085
113.97960273456997,84.7997648766668,-62.19210288317177,-18.51599101267948,90.4603956738422
109.93570998082512,87.25659987422881,-60.579493639673395,-18.12633654873641,87.79816034065676
110.86560808354339,91.9724441675177,-59.519053682286916,-18.059338353346284,85.59685808959462
110.1962190703712,94.84468040931723,-58.870909946678225,-19.04823279113125,84.30855887513248
109.52632601896941,96.44333279000811,-58.842198302207194,-18.687439603692745,81.47782839433228
110.21139015135259,96.35919082289901,-59.05676669597345,-19.192766594353625,78.29302283246713
112.92827396230452,96.23969652330088,-59.56720710912334,-18.820033136217578,74.3372184996111
115.00019181689323,96.5596561033186,-59.71434586755613,-17.182503618220043,70.6546869799382
116.94012674223268,97.74818918459077,-58.85824203782932,-18.322478117841968,66.41392668307297
118.94753209841329,98.61788544497072,-58.94120758585709,-19.358815799643427,62.36539884249064
121.70837403726308,99.88036634197714,-58.80464427122022,-19.099472892128656,58.05235010237379
125.08863920715082,100.63472055725823,-57.93000614732908,-21.334440644611757,54.425768379792274
122.07645710544327,101.36459730902519,-56.26072891203202,-23.63318606244805,50.23768540878167
117.7134248100924,101.10823332833732,-55.348332175743266,-24.004114650751823,46.48539292720758
115.0132013429501,101.53222909052201,-55.939927030267405,-21.925110193490056,43.40313830467369
110.11111998928708,102.78926289571747,-57.016157038313125,-19.875225501948837,40.89361404964909
108.52329882899424,103.33319125884003,-57.38643938086753,-19.347808376910493,39.880759559431
107.47533197511827,103.59717752879367,-56.76145510694862,-20.729201126413756,40.02432881066305
108.6583518482064,102.80767454923912,-55.919365771421546,-23.14533926361981,39.79477127541505
108.02366635262604,103.73010442244264,-56.20859038264598,-27.87175537443971,40.220583560696895
106.71669893038646,107.32692629966738,-57.29892211099624,-32.99463934714252,42.67264726214795
105.83480134149747,110.98141463042671,-58.713402468728454,-37.62023789514893,44.11214205600095
104.23529457279969,115.44500748885756,-59.797301360881924,-40.93104948011874,45.894635944694166
101.23587624835412,119.76954822435812,-60.54401189809479,-42.9187540473624,46.59795221779656
99.5303518565546,123.11461779429361,-61.00255633072315,-41.07063561864642,45.5527324817983
99.08347750230696,124.47510244617699,-60.58046353901421,-40.193875139799644,43.356374360321595
98.27927577660314,125.77837067834011,-59.44194124059642,-41.10292584089541,41.20161329721048
99.53728996609051,125.76068523776307,-59.7103237701859,-42.110111093898865,38.80406887701685
101.91695881029558,125.38212302891988,-60.96480029969828,-45.930816168618605,35.318536276910876
103.1368499288081,125.7499675668865,-63.426908145808,-49.42527134032864,33.83760870706934
100.92576631186681,125.5091543940484,-65.58557663182147,-51.24304901139367,33.99641723512353
100.42933040010365,123.98164942676266,-67.77824449384025,-53.552097501480254,34.763350916442
100.7858851687241,121.85314055076945,-69.70819978668705,-57.72425732907334,34.270815925658006
99.3386935102805,120.68230033887872,-72.71918566872166,-63.99333702240597,35.96790307204869
94.51668154703681,119.86519541625223,-75.1114135019304,-66.15240889688596,38.293861973007274
93.24687117764884,120.09797639423846,-76.38329161450582,-67.49774567524787,40.75099512303772
93.631589680849,122.45780430722267,-76.38096902671857,-69.2627878201574,43.8416140626168
92.43080024112818,123.89201594227016,-77.44985722810094,-69.63025005563465,45.94349177164213
90.61092758350003,125.7577171165616,-79.27538930261937,-74.7296194851873,46.774230307498286
85.52630569269891,127.72783556272975,-81.01874405933366,-80.13591848222038,46.35629806898937
82.74954508977225,128.7225651435222,-82.627973774071,-83.84138497796599,47.34209047113383
81.72944516195177,128.68899153339638,-83.66297196602565,-86.22127058443084,50.594995096550655
82.72044360130184,127.33474332758661,-84.80115295943779,-90.47015402145811,52.927853814992424
80.53600564399503,126.03391941297828,-86.58663448434503,-94.57641587324058,53.5634238626648
78.63334345538601,123.39770254154355,-87.82416209364635,-96.02132391840635,54.82327505573758
76.76258153217998,118.6723631065743,-89.86211942251833,-95.59369358707329,56.60760185780758
76.27484635144125,113.6542336642153,-91.65319167895014,-93.81979215348878,56.880824344821676
76.41278378900996,109.850990161954,-93.2105234561138,-93.38881748183701,56.367044350638075
75.92069532530468,106.6765835117957,-94.00370185549563,-90.83314721388898,55.54017488217202
73.73190704873133,103.4307254617036,-94.37957933000801,-87.53173351312081,55.468610078359404
70.72674527350229,100.4457553002823,-94.4507970044463,-87.44161326821752,55.65487105791993
65.70242827891954,99.07607066131845,-96.26410764485716,-86.89379612700856,56.32906821579211
61.076092015766015,97.22954088075286,-97.43655500787109,-85.27682609011161,56.4433210288314
61.502548980162295,95.67541204684298,-98.43139405799178,-80.84873480993595,57.0916248656238
64.60322786102068,94.62550831548431,-98.54825196153897,-77.93845466133959,58.97905142074274
69.12195188792995,92.54919974164252,-98.22206030126206,-74.19668081220938,60.99920321531829
73.4824476817115,91.56209018682318,-96.77527568798756,-74.4747078464348,62.04929895060082
77.97527291850164,90.49847120152045,-96.58537836363797,-75.80754132956925,62.75171941785249
81.40656609821343,91.84140712728863,-96.71972483693847,-79.15765639615391,62.44627205270743
81.8179448316493,92.78586743930202,-96.75687070659045,-78.96572972171886,62.336268576083626
79.81535117972517,93.11154737566667,-96.58157649293757,-82.57240772927976,61.64430805488456
79.99968645283806,95.5962696474939,-95.27100181006486,-84.78321927193221,61.30291048080394
79.58856126404699,99.10975380829332,-93.89637506723302,-85.14819757212061,61.023339305779274
78.85205266596137,101.75153197524729,-92.99716036384058,-84.87857987720886,61.50436183551504
79.89331855173066,101.05848472257746,-93.03185776244374,-86.79030890437092,62.82826841591726
80.3084896481739,101.16045637089803,-92.88077040457576,-93.13779882781985,61.67922965246893
81.24637516893738,100.24945094113332,-92.25170258544678,-98.00005555640733,59.46678558959786
80.1485708015351,99.74281717674299,-91.81707367440156,-100.49667644321514,58.69981734375418
78.11430589554236,99.5380011058052,-91.77357731169545,-100.54087145036823,58.72570069905839
75.42057850767426,99.57879649676887,-92.57754111217025,-102.52531320317689,59.250967665043284
74.44488232163091,99.44297815587502,-92.8398627842984,-101.96491511297178,60.48827105977357
75.1870533773993,98.76393058619539,-92.90508430645716,-101.36631412785303,60.87056427738578
76.99774320708109,97.66041000323389,-91.80361385060012,-100.30435164314846,60.339499629947895
78.44975695469402,96.63935353274758,-89.09850543189805,-100.53444023668487,60.27214427616862
80.38511751717483,94.86672552589013,-86.20997916965945,-100.34623298608174,61.694308970476996
80.78016842922739,92.77701209211864,-84.19895313973535,-99.49142212245218,62.3107032974991
79.86727056714447,92.13102199684322,-84.1190945441729,-97.72893221649734,63.59237983161434
80.3186682931426,90.34603359924557,-84.08149132327276,-96.76705373865212,65.2938381457305
80.80563708887239,89.75467011398449,-84.9595737419461,-99.20388551752139,66.9243641322527
79.44593698542957,90.43938085533779,-85.9366420555819,-101.12059898056549,67.87548567521593
77.99614092022757,94.19474965978704,-86.49187361621173,-101.1651593771307,68.46558503306073
79.68890153468337,98.56241601764265,-87.29775256430409,-98.46328190923457,69.29859861789085
81.19594375542222,102.01384570715577,-86.96274585748156,-95.65770125099901,69.85108779288448
82.13462006814902,105.0606892396931,-86.43402196621275,-90.65446844621532,68.64732092708749
84.265334926312,105.357437945967,-86.27516491005919,-87.59319597347903,66.92361831148563
88.37625165152438,105.65771886082753,-86.86530245667511,-83.64953324502322,67.25359146536266
92.65854431679735,105.2265855985165,-88.70957162686693,-80.24080048381327,66.72703275429154
95.17568130139581,106.33292672076233,-89.63277062950102,-76.53566487475918,66.36067272444375
98.38487736948017,107.31546737856289,-88.97594094059896,-75.37358770370955,65.53899877761152
99.8894709020131,108.16069706378708,-87.97925928402161,-72.46158180337447,64.18621507190277
104.60136498753816,107.74076748855401,-87.02660933448612,-70.3494549554829,64.02552949726523
107.58738452180287,106.67835840553958,-87.3363235094617,-67.14296990785387,65.1702501042503
110.77482723138824,105.45886686537001,-88.11557055225117,-63.64123804261179,67.21714207479098
111.7850678441645,105.11786299601938,-88.69533487308632,-62.35705450318611,69.28963423075282
114.50619431915518,106.15483213637336,-88.48002211480167,-59.11500488104277,70.28394281045486
112.53846420389523,106.67370833132165,-87.66518119059856,-58.02069909746481,70.69379884720388
108.3498457213938,105.12893650754214,-87.02163538975776,-56.66112884349568,70.70649488013211
101.49652789347192,101.8374036682722,-86.73904634026682,-54.578726395825115,70.08566627274509
93.47102761496565,100.0282916393451,-86.99268894806839,-53.32843621077619,69.52658464580304
88.11946558421634,99.73436053089306,-86.34200416755053,-54.113354994515085,69.53979890016835
88.05590996811414,99.9432704701126,-85.91450781529876,-52.09143679994224,68.66466849689115
87.48739912872772,100.12520531353594,-84.84410348627667,-50.64839574284195,67.03942519185533
86.10907486778149,100.33970170532565,-83.6824165795704,-51.22549822493865,66.65742216076396
87.15143621624944,100.32851847772366,-82.83411941197014,-50.88381027867652,68.1498258883923
88.02037381172931,101.39661606538725,-83.81959136905829,-48.79968084681106,70.34272809263508
88.76173339389861,102.47669832638618,-85.16756926463952,-45.83791115340246,72.03845072813525
85.47101475731807,102.24359439790632,-87.32926742875993,-40.754279185587194,74.24812638748945
83.05781393947676,101.12684299924904,-89.46914695585417,-34.60567920621374,77.46161202046598
79.37726366949413,98.23781540073176,-91.2035318543403,-31.22579753809815,78.86157941796706
75.75104101723959,96.45070110555264,-93.96080715227819,-27.97053509095108,78.92897178372552
73.02623811998926,94.6874835602058,-95.404519384333,-24.222932227683824,80.28652909832907
68.76441129713237,92.91085861736784,-95.69956779619908,-23.708932357096778,82.15274912261039
66.96032917944626,90.41567874285099,-97.13360574162365,-24.363959971763805,84.7939279640797
67.00069119112898,87.68583338537636,-98.34189688696647,-23.21553129887738,87.59911943215363
67.61686784161013,86.31998523694823,-99.89322511718149,-21.113856134632215,88.58404657284721
68.8463191288597,85.66632739263848,-100.8083673443284,-19.943155833679686,88.02005925900163
68.05504337425491,85.46753648766025,-101.63044198878598,-17.54686914541505,87.48521729429302
63.571627257587544,86.65716155558451,-101.74714590927225,-15.45030236359894,86.3889177387535
62.14911462068692,88.28461317214138,-101.29978412560679,-16.127981013845325,85.6116426717951
63.23880660378928,88.83370178069873,-100.59533807103874,-15.53670551062702,85.28291513127327
68.32860932921945,89.69534126300026,-100.22464559161483,-14.458721223858053,83.9989183118361
72.75832196908785,89.28951948114172,-100.15549623640958,-16.592134317738463,83.14869339627865
74.16420843492136,89.58435544511342,-100.69955559670903,-16.445037600364653,82.75014008049507
73.77188318182354,90.24134834145329,-100.90197760495377,-17.935402089064112,83.43557593672789
72.1318517436896,91.25756277238017,-100.4273653783426,-21.605828772786438,83.59485151732146
70.44783320436028,92.31752760493981,-98.91667939602567,-22.935714411903394,83.13294574258816
66.65820863560445,92.84056745151408,-98.44149276331332,-23.70446500187033,82.17496134498298
60.42757566116174,91.58460678542684,-97.51440062775593,-21.240135975424092,80.1693579725356
54.90745742419108,91.90606683264214,-96.55569376433766,-14.505521910863965,78.37623480576407
51.717477270429875,91.90259507403964,-97.82645658107785,-8.024777653114569,77.52599306863418
49.17341511104021,90.71957150389626,-98.2376390494292,-1.928318572374133,76.42523410686384
49.31356428976493,89.83332169823547,-97.86553173397652,2.076090040783411,75.09204074557196
50.163699217898206,89.43616662437455,-96.64492715260114,2.196117312945508,73.06278586687012
49.91313030840299,88.65097210795865,-96.52616234529474,4.335329824646455,71.35002896162469
49.88065453256827,87.24383245362408,-95.99906197309562,5.061893098113244,69.56517930127445
50.51288937745177,86.66025918777879,-94.93240245238573,10.111255635789906,68.62282503211307
54.2854214686696,88.04157761411503,-93.99701793635576,15.93748110219422,68.63179972346286
55.24474568252512,89.37236324441095,-93.48441714321952,20.63511842270762,69.21857520768624
56.67193173348139,90.12954371488324,-93.71020369055678,22.734246449058116,70.63727567280914
54.96114849855985,91.54096068154459,-94.07838283215979,22.450814254915116,71.17697243535734
48.56229146099474,92.17099519650365,-92.61884425799495,22.188547755317312,70.41775168215254
39.68998451992764,90.92036623340788,-90.8753999342551,18.010876757360453,70.04051252642016
33.439156864960786,88.19517766872991,-89.79614076506101,15.929772114880038,70.17357195884264
30.45311654300263,85.35879143176797,-88.84615851829085,12.081513608918577,69.5736246259984
30.761640448227205,82.85551852161852,-87.27767861713379,7.2586818452666,68.37425243617476
27.95754754698882,78.86172536616841,-85.03706445479344,3.405035560121095,67.69785803759531
23.131342900750816,75.56909362920598,-82.62288912570692,-2.867047574666379,67.84115648861619
17.133363914588827,73.49295082305838,-79.38242350130037,-8.456050275643817,66.979287279714
10.377019759479872,70.99450262747298,-75.66205872213853,-14.29086712350798,66.16410589238741
3.592996213512211,68.97989021701436,-71.16821286834498,-18.497171580772953,65.1415334044194
-3.2513593581658204,70.51455681610116,-68.39069014661388,-19.88777893228859,65.37885711380501
-7.257705285982143,71.97781870112088,-67.39333706102828,-21.915606061141588,66.90041885800089
-10.227795475132552,71.24491030614551,-68.4383676518723,-23.376170675679106,68.42843359114697
-13.113256991255753,69.21074855207692,-70.50368407591404,-22.367860105799313,71.66464341058803
-16.104382804109147,66.50649219850561,-70.81865006208115,-18.77826054663783,75.67892738388858
-17.55125904691741,63.40792685829565,-72.02243106429671,-14.401559765740064,79.22179807955898
-17.3033082133502,60.22523496283618,-72.89154063460312,-6.262446226371741,82.93551082055022
-14.982060334807429,57.51756090298542,-74.57114226298306,1.5216467146561117,86.49926765118656
-12.153707947116121,54.32661651283203,-76.54221783429017,5.966587853281388,89.40320286834842
-8.251054121403687,52.00009179288675,-78.45956683216681,12.295881656434595,91.60919775703373
-1.4761697630647328,50.27308562080577,-79.0001843139321,20.203782040029623,93.26684772140479
4.496008034711656,49.179587930052875,-79.39779080999446,25.421164108893898,96.06032565512825
6.787381642318482,46.40138110417823,-80.02013185716987,31.170086908005075,99.69156805615113
4.822484146509209,45.05745817306611,-79.56575425174059,33.89737487231398,102.449939368409
0.5833375018986215,46.60870592435528,-79.23292875322332,35.26041699404945,102.40474861332422
-2.872156355833375,48.34195676700351,-78.97143570764348,34.35025178656189,103.23387874233681
-1.8243366068221611,49.30475389931718,-78.37750244974703,33.05142125432649,103.92421910116667
-0.9387926110661255,49.67287319414963,-78.14408554071196,33.920119482967834,104.02433640935044
3.0193235279881483,51.409487203764655,-77.57015321048092,38.0863550827825,104.43985808495528
7.031703485054442,51.03420306327642,-77.55107423082309,42.89930993834437,105.42740830412059
7.778045861417392,51.61769973014711,-78.5660722117865,45.10988923892548,107.07828157213575
6.070926608261963,51.2155770872091,-79.32583513656331,46.32536773766492,107.51265618042201
3.697421726014066,52.35185057561121,-78.98337000956528,46.25294096214043,107.17525818602508
1.8816984350894312,54.21223177795666,-77.61234122254203,48.56468598186417,105.93201305808249
-0.07914561176901769,55.70262763887513,-76.61352073540736,52.1743804070955,104.76596310314318
-1.640891879167659,55.6073416452293,-76.73755029923922,51.516744150858514,106.13220826426164
0.3213020553023407,52.82913538920006,-76.61584578366329,51.662784171627074,107.67575545093328
4.707552670927938,48.06292571460135,-75.99693971758408,50.06525379281727,110.48478989117197
8.120092215168185,43.32600209863331,-75.47329028954103,50.999260644479484,112.31020133872491
6.489606569345519,41.02081208296717,-75.9679442063314,51.978063126027436,113.87698627194249
4.683030272142143,38.95327685941237,-78.11381563985407,49.69530490719279,115.0060216557288
4.04671987692958,35.02064410277613,-80.1241425631676,45.06661253462301,115.38202418478753
5.622849766631492,31.242894501187003,-81.47040910858757,42.0938008901051,113.50947309911436
7.288407753946342,27.704627032876996,-82.23808049463871,35.37059845462732,110.51511445789303
5.944729995879913,24.9551850727633,-82.08353168937727,28.009730074693515,110.69458184960608
4.098433610531078,22.11587533896011,-81.33682376489422,21.344149530194997,111.37369145469556
3.286344525660244,18.43908676759748,-81.24486417195895,12.583006177795362,111.96184157493872
0.40707377818176926,14.719886395150322,-81.30750624801351,1.4158749091840557,112.63265661268261
-3.4579116765352014,10.990483504520192,-81.82537721565281,-9.59725714560814,113.13745114819312
-8.656704250902834,9.445769875761604,-80.98849954273834,-17.024593060590306,113.86044051354175
-9.44977306472147,9.011993417299362,-79.85520745328344,-22.08508147323768,113.73504434299272
-10.967279537060229,9.456160471824425,-78.93573295101237,-24.66492775259862,112.82835366848275
-13.792718399040574,9.242477245014637,-79.23111852718495,-25.82915992978442,112.60393176955601
-15.716041687251515,8.651600060760407,-79.31619892491922,-26.22330519927614,111.93309810542793
-17.859761053242593,7.042191362052312,-80.41554747366706,-26.660176775905104,110.67753563488542
-19.467372594393648,6.057889902762909,-81.63642817739577,-27.192018972719204,109.0919889787489
-21.01835006137566,4.517176695847087,-82.01902157189657,-28.23147434066631,105.81821448801689
-21.93324398278197,2.943935660230091,-83.79209567607873,-28.76001625908631,102.17755679698814
-20.92271882596488,0.9140103474703096,-85.35803666455423,-28.930060442996666,99.15100090246251
-19.09918762995302,-0.42028026924705664,-86.13289026517944,-32.48279095467095,96.854626741658
-16.10648148230055,-0.19111096166317587,-86.30252291215086,-36.06335878708648,94.26470048208796
-13.625505338197467,-0.05760009623965168,-86.90554931241583,-36.97153600945098,91.62792476198749
-11.872478205573561,0.8049601540805558,-88.47623752614848,-38.37161967184465,89.54058884037856
-11.719063645389305,1.9251642874803103,-89.60365212022683,-38.349545173975265,87.30344166454726
-12.988052308637705,3.279146484482262,-89.88813972438467,-41.75503911964893,84.25603259204652
-15.48209282549104,5.111333192383578,-88.71772664847911,-43.54942819179352,82.54933007688166
-16.635600335721772,6.605853451545058,-88.50233489344176,-43.996368399252745,82.11398174855519
-15.329167973731558,7.464965799302339,-88.85725033336243,-45.01653702048928,81.81766345375559
-12.69659509506566,6.16790884821103,-89.15411616797373,-45.61924119676464,80.64934123417488
-9.089855369967555,3.659775796801031,-89.81705502283111,-43.44945283478602,79.84861641452899
-5.965135640610697,1.5909029561105434,-89.5473542241316,-40.96084878209716,81.436071877253
-4.714510229903901,2.3200581715816257,-88.80871339061608,-38.79917356385843,83.54764439501767
-1.7320178424802601,3.9466154045548905,-89.39644547399344,-34.210476664461744,83.80666196692657
1.4304515000563125,4.330901550355347,-90.0240891899862,-26.536420283854447,82.99452285816555
-0.2697270435994459,4.794028844263301,-90.66575923181726,-20.077624503968217,83.1643286386711
-3.024924118709381,6.780730398828381,-92.14669588702486,-13.086240711510822,84.225787956968
-5.943533794853623,7.791234619411931,-94.37302494076582,-8.282323025731092,85.9469033580666
-8.499962000825725,8.921003507356843,-96.52706003830679,-3.307217988345685,86.50836332970604
-13.615089616510254,10.529223515431545,-98.3557267768479,2.652010352940853,87.45138764613712
-17.410350714132793,10.954446501188686,-100.7509822467029,7.803060355857169,88.17054468840429
-20.759915007059305,10.396822016153775,-102.44311035672698,12.100299831020308,89.89597837864325
-21.02359834832012,8.296694853124883,-103.18075771629461,16.015096779578048,91.60064548543475
-24.072777969537427,6.937302903309005,-102.5868218207217,17.747973806540248,92.75653324986634
-25.025607580812792,7.2801289926044515,-99.82022654108751,17.00505202628732,94.07197467721002
-25.73710832182474,7.378880256727813,-97.7675992110857,14.48703952095806,94.13286530614072
-25.562433417696077,8.066290376361417,-94.52127097880796,11.314221300991218,94.09363429765105
-26.856364558439175,8.802461174016665,-91.55580886605254,9.175354969560654,93.29387486691567
-27.509211386285646,9.282776206101468,-88.5310424073766,6.157055363980565,90.72091709711052
-30.29584446371403,9.115522314128071,-86.50140786956817,2.0934059067941266,89.96641242799016
-32.07431084080814,8.517506187861624,-85.25610391165219,-3.4347541141607536,90.45708409434201
-34.642395521640495,7.590162602362878,-84.22793095028732,-10.167450878958581,90.56354158509029
-39.94170650125522,7.20364603588315,-83.81861271856407,-13.859703646482153,91.68249153596463
-43.9510641552582,7.56885643205642,-83.13238301309559,-15.812305927977349,91.43258819341953
-45.50210647564225,8.142920897438515,-83.18277410277236,-17.838439274238798,90.03575752445052
-46.71929838486088,9.695708040808396,-84.34855456600967,-20.489489359539842,89.88343121178238
-46.3360886323474,10.209468817859324,-86.06271384132228,-21.337807981950522,89.24382032923862
-42.53648468975776,10.371822211091969,-88.32538871090449,-24.290571590492345,89.58223133992988
-36.91640540136154,9.798375856468178,-90.48370317132078,-27.319853552018554,91.48318886150155
-34.46705581050917,9.73294616047565,-91.74170622212223,-30.62624132497932,93.09365414618134
-37.42195388429206,10.710983309770668,-94.3749623193121,-31.636409119426155,94.76257690820172
-41.92546988414538,9.972240689914864,-96.52497747540349,-34.36573173170775,98.83011652969974
-47.78167984299163,9.634025735022744,-96.5562237427686,-36.25853944689535,103.34688779837002
-50.333572150450685,10.748907825260435,-96.27490259386423,-41.283963855171066,105.80279707745689
-52.35410357759629,12.062162606306678,-96.659229940789,-43.692247522896544,106.4170919000627
-56.13544534414737,10.78024933304988,-97.45736193181547,-44.53906859002014,108.452365823013
-57.357143204104,11.395371979788125,-98.78285108252062,-43.96774229809817,110.92764394434036
-57.01157486547776,11.70117005432909,-99.360429463145,-48.00372320893741,112.80323292034619
-57.469209709633375,11.483590458730648,-98.7103034026187,-53.353984811091024,113.3036050643708
-54.204365375266924,13.049696734953237,-96.95259887639206,-55.859563642546426,114.21438118218111
-49.947842421082846,14.077890759221075,-95.16211499831066,-62.84615793083779,117.14749407978368
-49.414869732218406,14.282035784645537,-93.51169519089537,-70.43644668972841,119.86909167795868
-52.73981303478525,15.646115576035557,-92.00245083572344,-77.98155476375472,122.22423011614417
-57.54742633491836,17.331647173714575,-91.32548558590487,-81.92993655345406,122.86382102013258
-59.33477109362376,19.13147623048324,-90.6360161064657,-83.58963188323928,121.35488980221733
-56.78330677874207,20.33869127947434,-90.58572948860949,-79.78751278631987,119.36572690347215
-54.14974759929601,20.96771752499709,-89.4987727091437,-76.28881171935532,117.19915626149307
-53.43023311532148,21.892601379621063,-86.68846113992785,-73.96457028276535,115.37900698862734
-51.89363325942474,20.919607448100393,-83.70323027420699,-72.01298023461355,115.21871663585921
-47.76902050705179,18.305978638089407,-81.88705367347923,-68.8314806234108,114.4825898566589
-47.32745652461865,15.38337564182347,-80.70016895477437,-68.12335956681632,113.85855777807025
-48.713894932503635,12.075196154063061,-80.10371333624262,-69.82215958107224,113.28975403464106
-48.650720052576595,10.64236942364628,-80.34449997511881,-70.78586016422955,113.70707988879602
-46.43084004367092,9.603304275206423,-81.62391160631506,-74.426653025551,115.10524225146406
-45.14877537410831,8.537766187900282,-83.02436870522205,-73.70141716470809,116.41152682055035
-43.78367548588413,6.388336275250343,-83.56620661034137,-70.78450279875656,116.51005708657662
-39.84485148009937,5.0916757100019385,-83.96740982241474,-66.39080982992427,117.11587077149065
-40.84492734950505,3.93264532068597,-84.89705395267863,-62.26058005953364,119.25499384979538
-41.667981126113496,2.2724736719860132,-85.94884842543351,-57.92838520876647,120.96889562464476
-38.92341485069709,0.261694179606776,-85.66607675987544,-53.95423642317461,122.4468278020455
-37.37900022640581,-2.1858589142416136,-84.33489318282102,-52.97369927439869,123.56806951312875
-38.07279501051191,-5.387235381621922,-83.78612018366837,-53.125974146326286,124.35844502782356
-41.09656145732654,-8.182341027599936,-84.05010518200591,-52.60079065185595,126.41723754338985
-43.94390214690655,-9.555881648659685,-83.56788371814498,-54.14066290247737,126.9750566568149
-44.7708554947655,-8.991223052813265,-82.98899351487864,-55.406717097808894,129.51795472924525
-46.76061015785649,-10.261937237183012,-82.62906825545822,-54.80220152074266,132.7248308907861
-47.46617288501805,-12.227265392681073,-83.08419730927669,-54.37092607258385,134.91747309003307
-44.84311906453756,-11.353693994642367,-83.4831943600312,-51.95409602914944,135.72302587683475
-39.78258856478548,-9.86447332379699,-84.8635960449846,-52.103219346021135,135.64458135741725
-31.55307888934403,-9.935549842681489,-85.32266338419142,-53.58149457846861,134.6835268586815
-23.716816562301517,-10.327761055986873,-86.05854385532608,-54.09351274053607,133.40159000420388
-17.605211987325838,-11.37205054821581,-86.63882659996354,-54.540545487419585,132.76115232620404
-11.060668472008704,-11.564880188546972,-87.37830722701085,-57.518053608505944,132.52692833159122
-7.967329292946766,-10.849541067750962,-88.36524587367961,-61.9475569630306,133.29117654235696
-8.511869573808166,-10.441590858667901,-89.44308582346697,-67.11460635135364,132.7127499232504
-10.597926526426054,-9.4351919788107,-89.44494116383021,-67.385343213064,130.78498230526162
-14.64902614254597,-7.894295464955476,-89.66123194451023,-67.716005442082,129.57952424881893
-16.673784628655067,-5.693884280085165,-90.10716512292626,-68.76040370608294,127.74326556364664
-17.31006632083744,-3.3412231560355146,-91.21495241688326,-69.26691381242944,126.22974855364725
-18.658129277389605,-1.51889808841144,-91.6508575539847,-70.73143198381781,125.22446687539461
-23.747624560971914,-0.9841145871638393,-92.51935708970944,-75.84072595188577,124.09968066156092
-30.44654568449493,1.3382539791501369,-93.76783562624777,-80.65522911639015,123.15433717062504
-32.91205375187137,3.7855760633126305,-94.47386453757797,-82.52078047484277,120.4703865910335
-30.00893811474164,4.988763607767742,-93.5442266265725,-83.86959923802583,117.50877693972258
-23.44073162022921,5.085453968326316,-92.97032872331769,-86.8724261185643,116.62076888672564
-17.317930133553777,7.332826820630756,-94.12217192326123,-87.89097203437778,116.18031024367208
-15.188413325621962,10.586143282774488,-96.46905521230521,-88.79491667670824,115.48068123303223
-15.697784465126933,11.572341981250387,-98.90522227774588,-92.83197987230042,115.77918481788477
-14.990404872929524,12.730368306974388,-101.52880862521741,-95.07143563738691,114.57063841432584
-9.576541074814674,13.46183378596616,-103.56388218321194,-95.16392074827421,113.52422707496758
-2.90892180578978,13.685065400419752,-105.1438423428384,-97.26760882177685,113.45337575262131
2.2143748114389403,12.940544823092054,-107.58953778900707,-98.3176802833965,112.46983592438022
6.0747156496668895,12.73303748255239,-109.96643881655558,-101.28436556962193,113.16670550088506
6.487001478119688,14.776725998999952,-111.21693358379227,-106.68325950579732,114.60482029080475
3.328640374158492,15.046494700923578,-111.86033676713798,-109.12224695537058,115.71183241186283
-1.0106298013975952,13.831153960199474,-111.60365842209576,-113.06409798899352,115.87233896483276
-4.694322309997926,11.752430751862535,-110.92638985606831,-115.60550496254318,115.95546151941123
-9.366757439627177,9.157368201019562,-109.95338352012678,-117.58457315861274,115.97666108488603
-9.943616370886197,5.525885445341103,-109.35965189948365,-115.64239377465009,114.73452891322528
-10.954793488055763,1.4889590860961288,-109.18977168483974,-112.9857153969706,112.78210045472983
-12.537733314934304,-2.180204245960521,-110.71281306544668,-110.94116255619988,110.678370979735
-15.430508239485413,-3.643569503719309,-111.45400068410261,-113.03090375036231,107.35866781312815
-20.181431648971806,-6.722002830681635,-111.95012392393208,-114.07523861809058,105.166286023489
-25.699168010375015,-9.889867464301595,-112.37386962801173,-114.26009679941556,103.36860847711783
-26.8559001662732,-11.372338188168651,-112.3626921484652,-116.01945517445549,101.72081346505922
-25.601862962703972,-12.970879159370938,-111.0015419095311,-119.1213279499244,102.37216883573774
-24.393048916942476,-12.820446110536238,-109.6411196590315,-122.69152746524786,104.07658441453542
-24.007845560167603,-11.145680293714573,-109.1249814604764,-126.71370404269668,104.25914696682449
-21.521303968318126,-9.323212375686861,-108.19515619731123,-128.16037009145614,104.72484336495192
-18.542489048670596,-6.171293138957598,-106.53491501731469,-129.4229007206741,106.79640329006456
-16.850775514100018,-2.758022960965011,-104.67325871140194,-129.31104170889955,110.143529067182
-14.997394023585965,1.0670814945340936,-102.24315995422977,-131.6217318065358,112.58270897826799
-15.30819734701494,2.5100025881558885,-100.52383117938119,-132.12888779264216,112.2070528198475
-16.883892428989753,3.4926398529794334,-99.76773249396894,-134.49498470797204,111.0380438590389
-15.646436309702157,3.5661848444905972,-99.56221645942279,-134.44257554126602,111.60430248333228
-10.258146943264638,1.7399467593906692,-98.66814802086843,-132.56444228535568,114.23122566498452
-7.380266700806414,-0.3472134202638415,-98.72282700552621,-130.1402061993007,116.07025949419302
-6.340978426776962,-1.4633104166845126,-98.32902687130755,-124.89569945974773,116.47151448270694
-5.339531630462906,-2.7809979607363253,-96.2290205038959,-118.09746055333926,118.39701390048555
-4.80202788592891,-3.3785984136648466,-93.10870349957118,-114.6992104480712,118.5292001840821
-2.5451055809461165,-2.3113294623438865,-90.76931467578498,-115.14270257237422,118.85742367033671
-2.476819989155511,-1.6484703961438107,-89.62780760461492,-118.12054721492068,120.71530679943707
-2.3743998120278644,-1.7094456810097967,-88.83989121570073,-120.31680160565955,121.85988518173367
-0.445926072680058,-1.7522727658389847,-87.25714638710068,-122.55976242948877,122.48592995260236
4.877168927785644,-1.6826862086256078,-85.24583552940445,-123.5704341482235,122.22659663292853
7.160089782553885,-0.4088227053607394,-83.55784547872558,-125.06744214430498,122.35646693814138
7.7813060562400205,-1.8669786979777943,-81.25744640265333,-125.47479608308028,123.88953005887734
8.735085807411835,-3.244077616382407,-79.63018859720867,-123.73207389429582,125.19033587995727
9.188250703855847,-4.74349845056574,-78.6904790295328,-125.6329223734258,126.37502970846624
7.513653404633096,-7.040956680542635,-78.2330480884229,-129.30417038140345,126.67722869348849
3.082068249415822,-6.637798419072595,-78.46886709147388,-132.0700260880984,125.37259124634699
0.9582897805526702,-5.633576993804869,-78.66899307813614,-134.08720119937524,123.60414341852535
1.1209458858116603,-5.405135377340686,-79.12932675494359,-134.70877594648294,123.45132093162391
3.9458866514693245,-3.3742425502053273,-79.90076828136995,-135.91605613598378,124.17289908615498
4.897541423890785,-0.8446492043938569,-79.90170737596698,-136.2637458533921,124.95844546309026
3.9891907388016667,0.6796702301998874,-79.23256634651396,-138.8112546914649,126.02169582816522
6.387236245486384,2.2392522030945043,-78.74446560303758,-139.93214805912882,126.65230514142483
10.829348190679994,3.844714594086967,-78.53344242770275,-139.40614133355186,126.79364651712834
15.981484366991861,3.6413388786800382,-79.13504508251361,-138.13235625131696,126.96051655570736
21.249720564935586,2.202506654551364,-80.3131375422709,-138.54095461274028,127.11917384855056
21.56320431749158,0.28003366792846585,-81.65210906394839,-139.3851319516732,127.43412956504744
22.883784695510478,-1.8102317044591913,-84.5038166244731,-139.2938200837425,129.49647007861276
21.180096036796044,-3.0669585652201885,-86.71443283556316,-135.72948971953068,132.89859520012232
17.70176440787605,-4.702684512965952,-87.2274007633246,-134.59241791052304,136.2399484814566
15.494632121457919,-7.167971568861496,-86.74795998082516,-135.18695872667845,139.03466919174608
14.498834295302178,-8.835023589886287,-85.7994336925403,-136.88874737215454,140.98677515527882
13.064547319693776,-9.731687189627017,-84.56918754244846,-140.7297608936555,143.8097283301143
11.761378796938427,-11.999733760531427,-82.98601211163691,-141.64961435463596,144.71022979791385
10.63483796609237,-14.781195363192147,-82.03343536147635,-141.97720905642063,145.49511435286774
10.84035293381584,-16.73442010525396,-80.87967963136411,-143.61016371971348,144.12261221402525
12.222243378769186,-16.112912028858496,-81.08291372198134,-148.39340505616357,142.44469959903026
13.787890877479018,-15.13044503165057,-81.46812755783938,-153.00761503537174,141.19785057142596
15.87393693819877,-14.200026237575496,-82.23335294193868,-155.34827771751807,138.8069510006896
18.12732417907189,-13.578792993041304,-83.21260403943397,-158.29039638858828,136.8094477558431
20.446964046493854,-13.26318250472383,-83.72362076761404,-158.85612208798793,134.51143262271754
23.12091642897432,-15.106340228396832,-84.04347524292051,-160.3014278223623,133.0735338176275
24.97885370565825,-15.548589180464877,-85.75614018119016,-161.9249508777388,131.6258683737051
25.96140690452243,-15.071912144458615,-86.00048361872415,-160.2073057486565,131.85479243854175
28.54807479283055,-13.684212160635383,-85.5256386276241,-155.24477500150567,131.39287243280248
29.738496151775685,-13.941991185707309,-85.37577092741377,-149.04716522565565,129.7383765376851
28.04353052002206,-15.483554142307185,-85.10068831474196,-146.20083409125584,128.26220383122015
27.29622231934226,-16.623826857916146,-84.7995437835042,-144.68212716461707,126.59586322436925
28.052645300563498,-18.055868337702595,-84.7192043389966,-145.46969663033136,126.09283078866363
30.986103406161966,-19.98423796002118,-84.29810095550823,-147.65607251518915,126.77848550350468
33.832365768751266,-19.516225015997577,-84.360227610119,-145.19577186188306,126.13463547204424
36.3030476510113,-19.506675537149814,-85.6156406717198,-140.26129545954544,126.31636276211069
37.67716092072771,-19.90897771861304,-87.05871063070565,-135.39349145541297,126.41209465257285
35.67576228192268,-20.537571793475664,-88.76203720979949,-132.84909966136655,125.60431856090025
33.05517477767658,-22.76082291533245,-91.12853687719105,-130.18611027345895,126.75709879292422
32.647626857477576,-25.120651531878377,-92.73713405980867,-130.9700284956757,126.74448510278218
33.24022508733849,-25.014188017375755,-93.64669083417428,-131.02761541425096,125.96146192428851
35.705591823204216,-25.055694285048748,-93.70370901004611,-131.40106425040653,124.8752280068469
39.23514345380278,-24.250391047008126,-93.0096608016956,-130.78088196292444,124.25984687690564
41.793349517184886,-23.50785515542096,-91.8601946360101,-130.90563879005688,122.02073686427858
48.016366824195536,-22.811346986912003,-90.38584533781193,-133.6673823483757,119.3164765673272
56.86324964297791,-22.779013974784046,-88.81806642365589,-139.0939591984018,117.4913602800052
63.22108889985791,-22.586200431323253,-86.09370108305379,-142.3045895532254,116.007219217033
67.30207253564957,-22.676175826395298,-84.31033506221078,-141.6639487317408,114.82698778747967
73.03952531093003,-21.165586910121366,-83.18415993385095,-140.71370989520534,113.65487996201603
